Time, Facebook , Google , YouTube 
2022-03-09T12:15:00.000+07:00," 34,037,306,039.46 "," 5,402,610,999.64 "," 281,532,901,021.45 "
2022-03-09T12:30:00.000+07:00," 103,892,783,959.37 "," 16,841,214,763.25 "," 842,164,664,075.28 "
2022-03-09T12:45:00.000+07:00," 105,542,943,393.85 "," 16,601,004,197.19 "," 838,938,974,960.16 "
2022-03-09T13:00:00.000+07:00," 103,717,432,879.43 "," 16,759,933,259.30 "," 831,033,253,541.21 "
2022-03-09T13:15:00.000+07:00," 102,930,769,924.47 "," 16,977,243,008.84 "," 839,212,542,032.33 "
2022-03-09T13:30:00.000+07:00," 101,179,361,483.19 "," 17,443,531,752.97 "," 851,533,731,054.87 "
2022-03-09T13:45:00.000+07:00," 101,071,258,346.02 "," 16,072,185,388.97 "," 850,289,914,866.00 "
2022-03-09T14:00:00.000+07:00," 101,635,655,612.55 "," 15,485,062,912.29 "," 851,581,754,045.72 "
2022-03-09T14:15:00.000+07:00," 102,314,804,000.36 "," 17,372,787,094.15 "," 854,033,426,266.92 "
2022-03-09T14:30:00.000+07:00," 103,306,857,060.21 "," 16,570,357,152.39 "," 853,368,080,282.31 "
2022-03-09T14:45:00.000+07:00," 104,391,220,616.23 "," 16,793,137,228.88 "," 853,498,928,338.44 "
2022-03-09T15:00:00.000+07:00," 105,310,507,520.16 "," 17,469,289,416.65 "," 856,109,127,263.69 "
2022-03-09T15:15:00.000+07:00," 105,380,135,095.34 "," 16,483,996,146.45 "," 854,595,779,840.93 "
2022-03-09T15:30:00.000+07:00," 106,276,750,244.28 "," 16,134,705,710.12 "," 857,775,403,435.38 "
2022-03-09T15:45:00.000+07:00," 107,315,237,854.29 "," 16,452,369,037.68 "," 870,132,203,533.90 "
2022-03-09T16:00:00.000+07:00," 108,273,943,610.14 "," 16,301,347,259.74 "," 875,117,090,418.91 "
2022-03-09T16:15:00.000+07:00," 108,286,484,513.70 "," 16,221,790,672.43 "," 875,939,507,346.06 "
2022-03-09T16:30:00.000+07:00," 107,684,788,649.29 "," 16,278,610,257.90 "," 869,567,330,610.30 "
2022-03-09T16:45:00.000+07:00," 107,238,373,203.87 "," 16,782,688,689.62 "," 869,769,193,860.37 "
2022-03-09T17:00:00.000+07:00," 106,746,502,036.63 "," 16,192,967,384.99 "," 864,456,944,450.24 "
2022-03-09T17:15:00.000+07:00," 106,509,914,280.25 "," 16,836,848,893.60 "," 861,480,945,694.28 "
2022-03-09T17:30:00.000+07:00," 106,512,188,114.34 "," 16,132,711,069.44 "," 864,712,048,181.64 "
2022-03-09T17:45:00.000+07:00," 108,707,320,482.16 "," 16,669,669,595.06 "," 868,238,655,339.70 "
2022-03-09T18:00:00.000+07:00," 110,779,475,759.51 "," 17,059,741,120.72 "," 879,350,642,002.89 "
2022-03-09T18:15:00.000+07:00," 115,092,188,791.56 "," 16,660,153,087.73 "," 897,136,708,549.67 "
2022-03-09T18:30:00.000+07:00," 120,813,184,636.44 "," 18,135,997,595.19 "," 925,667,771,562.06 "
2022-03-09T18:45:00.000+07:00," 128,885,488,905.88 "," 17,501,952,543.98 "," 963,136,120,419.86 "
2022-03-09T19:00:00.000+07:00," 138,359,558,848.26 "," 19,265,598,662.52 "," 1,001,246,309,410.48 "
2022-03-09T19:15:00.000+07:00," 147,127,134,296.60 "," 19,454,661,866.33 "," 1,035,647,784,920.47 "
2022-03-09T19:30:00.000+07:00," 154,694,697,972.44 "," 18,956,973,349.08 "," 1,060,065,881,910.49 "
2022-03-09T19:45:00.000+07:00," 162,098,499,031.47 "," 18,836,166,288.83 "," 1,077,743,001,972.81 "
2022-03-09T20:00:00.000+07:00," 165,814,006,065.98 "," 19,420,581,810.98 "," 1,091,448,356,334.39 "
2022-03-09T20:15:00.000+07:00," 178,820,388,557.56 "," 19,821,873,021.20 "," 1,120,152,507,943.91 "
2022-03-09T20:30:00.000+07:00," 178,764,961,205.60 "," 19,156,547,603.62 "," 1,105,357,519,970.29 "
2022-03-09T20:45:00.000+07:00," 181,307,158,453.22 "," 19,072,911,626.76 "," 1,084,284,338,971.67 "
2022-03-09T21:00:00.000+07:00," 161,866,223,765.99 "," 19,295,179,300.99 "," 958,820,439,277.51 "
2022-03-09T21:15:00.000+07:00," 183,988,292,714.05 "," 21,862,409,296.93 "," 1,047,345,025,303.06 "
2022-03-09T21:30:00.000+07:00," 182,761,621,367.72 "," 21,754,257,246.03 "," 1,023,900,623,273.87 "
2022-03-09T21:45:00.000+07:00," 174,663,476,881.90 "," 20,800,639,421.81 "," 992,973,290,624.41 "
2022-03-09T22:00:00.000+07:00," 139,272,425,745.59 "," 17,454,007,239.01 "," 816,990,056,630.32 "
2022-03-09T22:15:00.000+07:00," 154,484,041,238.68 "," 18,613,278,793.32 "," 921,262,940,965.83 "
2022-03-09T22:30:00.000+07:00," 144,695,737,187.97 "," 18,430,737,058.85 "," 882,761,974,095.69 "
2022-03-09T22:45:00.000+07:00," 132,413,560,607.00 "," 18,516,893,769.39 "," 853,107,580,926.41 "
2022-03-09T23:00:00.000+07:00," 113,280,560,482.62 "," 16,514,966,818.38 "," 751,890,542,800.60 "
2022-03-09T23:15:00.000+07:00," 108,634,533,390.30 "," 17,140,368,664.76 "," 774,843,494,894.52 "
2022-03-09T23:30:00.000+07:00," 98,398,824,026.93 "," 15,182,466,649.73 "," 728,420,014,449.20 "
2022-03-09T23:45:00.000+07:00," 88,088,067,499.83 "," 14,695,761,220.68 "," 680,924,901,949.51 "
2022-03-10T00:00:00.000+07:00," 80,873,979,440.90 "," 14,380,523,527.95 "," 631,346,786,984.63 "
2022-03-10T00:15:00.000+07:00," 70,060,050,747.11 "," 12,317,490,230.83 "," 578,951,910,074.36 "
2022-03-10T00:30:00.000+07:00," 62,080,326,659.79 "," 12,315,101,810.80 "," 532,805,977,097.49 "
2022-03-10T00:45:00.000+07:00," 55,022,198,750.31 "," 11,633,900,638.71 "," 482,693,977,529.25 "
2022-03-10T01:00:00.000+07:00," 48,666,462,013.75 "," 10,927,293,235.13 "," 439,688,540,833.94 "
2022-03-10T01:15:00.000+07:00," 43,060,406,608.36 "," 10,549,661,642.40 "," 406,260,840,616.04 "
2022-03-10T01:30:00.000+07:00," 38,948,227,982.83 "," 9,992,017,410.20 "," 377,060,875,505.75 "
2022-03-10T01:45:00.000+07:00," 34,858,370,177.29 "," 9,879,129,260.57 "," 349,279,836,655.56 "
2022-03-10T02:00:00.000+07:00," 33,496,445,255.57 "," 10,742,458,607.22 "," 326,140,947,330.51 "
2022-03-10T02:15:00.000+07:00," 31,523,436,987.71 "," 10,916,606,529.25 "," 305,692,091,818.06 "
2022-03-10T02:30:00.000+07:00," 29,331,742,687.85 "," 10,584,278,228.68 "," 286,710,702,189.57 "
2022-03-10T02:45:00.000+07:00," 26,400,029,904.44 "," 10,701,975,490.12 "," 263,643,397,031.20 "
2022-03-10T03:00:00.000+07:00," 22,103,043,229.28 "," 8,933,063,676.21 "," 215,735,561,390.23 "
2022-03-10T03:15:00.000+07:00," 22,316,720,598.56 "," 9,565,973,622.11 "," 222,184,350,615.24 "
2022-03-10T03:30:00.000+07:00," 21,293,095,252.60 "," 8,884,903,007.34 "," 213,294,543,543.32 "
2022-03-10T03:45:00.000+07:00," 21,310,420,590.08 "," 8,845,742,621.30 "," 204,142,709,241.17 "
2022-03-10T04:00:00.000+07:00," 20,867,114,416.85 "," 8,899,864,021.08 "," 194,281,050,904.73 "
2022-03-10T04:15:00.000+07:00," 20,506,666,069.98 "," 9,241,560,764.91 "," 183,968,985,252.05 "
2022-03-10T04:30:00.000+07:00," 21,548,488,588.26 "," 9,538,562,046.92 "," 177,626,121,247.33 "
2022-03-10T04:45:00.000+07:00," 23,455,108,709.50 "," 9,589,442,753.53 "," 176,009,556,188.02 "
2022-03-10T05:00:00.000+07:00," 27,383,786,791.85 "," 7,979,541,080.04 "," 182,235,640,732.12 "
2022-03-10T05:15:00.000+07:00," 30,242,929,375.26 "," 7,399,625,161.33 "," 188,122,870,623.55 "
2022-03-10T05:30:00.000+07:00," 34,799,129,470.44 "," 7,757,286,973.54 "," 196,764,624,377.96 "
2022-03-10T05:45:00.000+07:00," 38,967,942,307.85 "," 7,998,725,410.50 "," 210,986,746,225.36 "
2022-03-10T06:00:00.000+07:00," 46,473,653,446.61 "," 8,430,696,265.63 "," 229,054,643,307.55 "
2022-03-10T06:15:00.000+07:00," 51,929,808,580.79 "," 9,311,587,659.48 "," 255,219,974,698.17 "
2022-03-10T06:30:00.000+07:00," 59,095,216,514.56 "," 9,122,637,046.58 "," 297,209,803,272.88 "
2022-03-10T06:45:00.000+07:00," 63,825,932,147.76 "," 9,641,432,674.72 "," 340,140,558,748.70 "
2022-03-10T07:00:00.000+07:00," 68,957,869,852.25 "," 9,740,969,024.73 "," 384,940,009,178.54 "
2022-03-10T07:15:00.000+07:00," 70,837,112,593.63 "," 9,715,692,263.59 "," 424,381,981,885.97 "
2022-03-10T07:30:00.000+07:00," 72,177,902,413.73 "," 10,371,555,630.17 "," 457,274,721,813.12 "
2022-03-10T07:45:00.000+07:00," 73,845,183,630.50 "," 11,091,920,764.79 "," 494,002,209,666.00 "
2022-03-10T08:00:00.000+07:00," 76,634,704,952.96 "," 12,401,453,193.32 "," 530,820,414,332.61 "
2022-03-10T08:15:00.000+07:00," 78,656,021,142.20 "," 12,440,307,648.85 "," 568,875,185,463.48 "
2022-03-10T08:30:00.000+07:00," 80,946,663,158.59 "," 13,076,794,322.36 "," 602,356,785,311.72 "
2022-03-10T08:45:00.000+07:00," 83,178,933,434.62 "," 13,764,827,853.96 "," 641,651,606,216.35 "
2022-03-10T09:00:00.000+07:00," 86,086,067,032.51 "," 14,422,324,006.70 "," 674,815,335,511.18 "
2022-03-10T09:15:00.000+07:00," 88,059,841,574.98 "," 14,814,596,317.42 "," 713,191,061,139.39 "
2022-03-10T09:30:00.000+07:00," 89,983,681,381.75 "," 15,212,401,968.31 "," 734,177,355,327.86 "
2022-03-10T09:45:00.000+07:00," 90,991,872,835.68 "," 15,996,853,173.87 "," 753,785,557,818.73 "
2022-03-10T10:00:00.000+07:00," 92,436,222,995.29 "," 16,349,101,604.68 "," 767,478,813,289.90 "
2022-03-10T10:15:00.000+07:00," 94,153,459,066.21 "," 16,080,268,019.77 "," 783,014,827,830.89 "
2022-03-10T10:30:00.000+07:00," 96,109,439,283.88 "," 16,132,477,281.81 "," 800,284,574,819.57 "
2022-03-10T10:45:00.000+07:00," 97,329,448,997.81 "," 15,075,744,585.04 "," 813,300,498,048.78 "
2022-03-10T11:00:00.000+07:00," 98,052,423,518.77 "," 15,805,361,475.26 "," 819,536,038,414.01 "
2022-03-10T11:15:00.000+07:00," 98,238,685,086.35 "," 16,367,057,074.26 "," 822,400,803,099.37 "
2022-03-10T11:30:00.000+07:00," 99,625,251,673.57 "," 16,065,197,966.60 "," 826,032,481,537.42 "
2022-03-10T11:45:00.000+07:00," 101,442,704,767.73 "," 16,221,508,894.19 "," 832,491,518,627.29 "
2022-03-10T12:00:00.000+07:00," 101,824,479,674.46 "," 15,883,609,447.49 "," 827,198,045,147.64 "
2022-03-10T12:15:00.000+07:00," 105,506,537,018.49 "," 15,321,264,200.64 "," 847,439,573,156.60 "
2022-03-10T12:30:00.000+07:00," 108,557,115,037.03 "," 15,210,199,643.64 "," 849,613,841,176.05 "
2022-03-10T12:45:00.000+07:00," 109,296,049,987.07 "," 14,834,375,511.75 "," 847,423,320,281.95 "
2022-03-10T13:00:00.000+07:00," 107,149,530,644.53 "," 15,119,441,460.52 "," 829,341,993,251.30 "
2022-03-10T13:15:00.000+07:00," 108,955,099,417.79 "," 15,302,452,210.86 "," 847,875,894,553.00 "
2022-03-10T13:30:00.000+07:00," 109,085,460,494.81 "," 15,704,523,844.92 "," 851,480,851,522.56 "
2022-03-10T13:45:00.000+07:00," 108,357,606,951.03 "," 16,607,764,734.10 "," 849,765,761,813.63 "
2022-03-10T14:00:00.000+07:00," 103,527,013,672.25 "," 14,988,058,071.97 "," 816,008,168,991.40 "
2022-03-10T14:15:00.000+07:00," 108,230,969,984.83 "," 15,062,610,256.00 "," 848,476,260,215.61 "
2022-03-10T14:30:00.000+07:00," 108,662,267,615.96 "," 15,473,739,797.84 "," 855,094,286,759.40 "
2022-03-10T14:45:00.000+07:00," 109,238,214,821.21 "," 16,299,573,705.74 "," 850,976,200,203.32 "
2022-03-10T15:00:00.000+07:00," 108,659,066,945.67 "," 16,209,794,046.67 "," 834,706,908,051.53 "
2022-03-10T15:15:00.000+07:00," 111,329,235,472.95 "," 15,896,542,102.23 "," 856,510,889,000.11 "
2022-03-10T15:30:00.000+07:00," 112,235,880,405.11 "," 15,983,255,177.90 "," 859,960,326,398.09 "
2022-03-10T15:45:00.000+07:00," 112,891,008,966.69 "," 15,927,370,894.16 "," 862,942,871,695.24 "
2022-03-10T16:00:00.000+07:00," 111,519,608,572.76 "," 15,638,961,319.95 "," 847,344,096,907.40 "
2022-03-10T16:15:00.000+07:00," 112,452,236,478.90 "," 16,260,480,953.92 "," 879,860,933,453.27 "
2022-03-10T16:30:00.000+07:00," 112,534,303,229.99 "," 16,644,721,435.46 "," 879,079,567,120.71 "
2022-03-10T16:45:00.000+07:00," 111,660,785,904.50 "," 16,125,277,073.96 "," 871,327,206,703.42 "
2022-03-10T17:00:00.000+07:00," 85,666,275,177.91 "," 13,290,025,068.20 "," 684,584,055,004.85 "
2022-03-10T17:15:00.000+07:00," 108,776,016,615.25 "," 15,668,636,141.72 "," 855,747,762,517.87 "
2022-03-10T17:30:00.000+07:00," 109,344,249,549.18 "," 14,853,485,857.65 "," 852,061,163,109.41 "
2022-03-10T17:45:00.000+07:00," 110,448,849,015.96 "," 16,273,418,138.12 "," 852,338,148,216.96 "
2022-03-10T18:00:00.000+07:00," 111,482,489,031.19 "," 15,803,055,654.85 "," 846,509,407,864.00 "
2022-03-10T18:15:00.000+07:00," 116,590,885,631.82 "," 15,932,872,326.33 "," 883,320,343,011.08 "
2022-03-10T18:30:00.000+07:00," 123,179,247,319.73 "," 15,941,471,058.60 "," 916,445,232,939.48 "
2022-03-10T18:45:00.000+07:00," 131,433,056,892.36 "," 16,154,380,002.77 "," 957,876,752,242.80 "
2022-03-10T19:00:00.000+07:00," 139,011,562,758.79 "," 16,697,265,513.02 "," 991,075,975,238.54 "
2022-03-10T19:15:00.000+07:00," 150,461,807,586.14 "," 17,907,190,199.01 "," 1,029,227,663,667.39 "
2022-03-10T19:30:00.000+07:00," 159,679,016,229.03 "," 17,537,859,601.89 "," 1,064,246,024,324.96 "
2022-03-10T19:45:00.000+07:00," 169,505,425,103.52 "," 18,963,839,936.75 "," 1,082,613,672,956.47 "
2022-03-10T20:00:00.000+07:00," 172,032,283,122.48 "," 19,083,014,437.60 "," 1,093,386,348,684.23 "
2022-03-10T20:15:00.000+07:00," 184,876,918,733.60 "," 18,888,685,530.21 "," 1,127,960,538,232.72 "
2022-03-10T20:30:00.000+07:00," 184,401,927,557.42 "," 19,367,536,525.58 "," 1,097,415,377,261.16 "
2022-03-10T20:45:00.000+07:00," 185,164,101,283.98 "," 20,118,298,728.76 "," 1,073,213,326,184.85 "
2022-03-10T21:00:00.000+07:00," 166,823,610,009.04 "," 17,942,802,302.65 "," 958,014,561,846.37 "
2022-03-10T21:15:00.000+07:00," 184,300,973,637.91 "," 18,539,079,429.00 "," 1,028,063,002,227.44 "
2022-03-10T21:30:00.000+07:00," 182,140,847,417.63 "," 19,285,668,429.75 "," 1,005,137,398,125.61 "
2022-03-10T21:45:00.000+07:00," 180,546,291,314.70 "," 17,823,215,250.84 "," 975,165,301,683.43 "
2022-03-10T22:00:00.000+07:00," 150,528,618,898.13 "," 16,980,874,150.10 "," 848,161,400,341.50 "
2022-03-10T22:15:00.000+07:00," 160,389,411,815.00 "," 18,541,945,908.50 "," 909,683,528,025.10 "
2022-03-10T22:30:00.000+07:00," 149,665,356,175.63 "," 17,343,021,773.98 "," 876,758,198,951.04 "
2022-03-10T22:45:00.000+07:00," 140,581,524,740.75 "," 17,393,015,637.04 "," 841,462,886,312.81 "
2022-03-10T23:00:00.000+07:00," 122,010,080,561.00 "," 15,895,035,140.67 "," 744,043,739,415.13 "
2022-03-10T23:15:00.000+07:00," 115,693,925,191.19 "," 15,555,954,963.79 "," 767,794,822,048.20 "
2022-03-10T23:30:00.000+07:00," 104,711,216,094.03 "," 15,364,623,476.54 "," 726,926,439,173.59 "
2022-03-10T23:45:00.000+07:00," 93,974,133,405.41 "," 14,157,567,981.48 "," 682,946,026,841.94 "
2022-03-11T00:00:00.000+07:00," 83,125,697,541.89 "," 13,267,038,606.30 "," 613,430,361,613.24 "
2022-03-11T00:15:00.000+07:00," 72,135,989,499.85 "," 13,119,467,053.48 "," 572,006,482,104.55 "
2022-03-11T00:30:00.000+07:00," 62,357,986,721.64 "," 12,936,641,519.15 "," 549,082,842,419.85 "
2022-03-11T00:45:00.000+07:00," 54,032,913,914.63 "," 12,698,489,693.56 "," 522,262,415,269.50 "
2022-03-11T01:00:00.000+07:00," 45,930,037,446.17 "," 11,619,403,490.52 "," 489,861,078,244.76 "
2022-03-11T01:15:00.000+07:00," 39,184,956,138.20 "," 11,672,589,382.55 "," 454,978,758,144.73 "
2022-03-11T01:30:00.000+07:00," 35,471,923,862.49 "," 10,928,657,735.96 "," 419,879,880,834.04 "
2022-03-11T01:45:00.000+07:00," 31,950,029,574.91 "," 10,690,088,432.31 "," 383,649,087,911.91 "
2022-03-11T02:00:00.000+07:00," 30,162,345,653.27 "," 12,001,095,139.11 "," 354,309,863,098.76 "
2022-03-11T02:15:00.000+07:00," 28,659,758,206.39 "," 11,321,154,140.59 "," 328,188,493,063.35 "
2022-03-11T02:30:00.000+07:00," 26,891,606,009.62 "," 10,894,564,048.54 "," 304,429,910,358.62 "
2022-03-11T02:45:00.000+07:00," 24,774,401,056.38 "," 10,460,833,612.03 "," 280,328,126,110.97 "
2022-03-11T03:00:00.000+07:00," 23,324,010,260.81 "," 10,815,183,955.63 "," 258,942,958,681.21 "
2022-03-11T03:15:00.000+07:00," 22,478,418,147.05 "," 10,146,646,036.98 "," 243,724,826,994.75 "
2022-03-11T03:30:00.000+07:00," 21,515,747,735.02 "," 9,814,700,081.07 "," 228,916,069,705.54 "
2022-03-11T03:45:00.000+07:00," 20,852,631,194.77 "," 9,536,777,123.63 "," 216,522,569,050.15 "
2022-03-11T04:00:00.000+07:00," 20,522,653,466.44 "," 9,269,587,836.02 "," 205,742,217,525.47 "
2022-03-11T04:15:00.000+07:00," 20,751,368,810.64 "," 9,552,917,523.24 "," 198,663,636,803.91 "
2022-03-11T04:30:00.000+07:00," 21,928,581,758.28 "," 10,288,311,819.91 "," 194,382,332,282.66 "
2022-03-11T04:45:00.000+07:00," 23,469,166,710.32 "," 10,257,322,872.15 "," 191,084,677,353.58 "
2022-03-11T05:00:00.000+07:00," 26,742,991,652.64 "," 9,722,382,195.45 "," 192,635,752,427.70 "
2022-03-11T05:15:00.000+07:00," 29,687,550,663.37 "," 9,132,452,718.08 "," 197,988,723,847.36 "
2022-03-11T05:30:00.000+07:00," 33,925,694,179.88 "," 9,116,091,150.30 "," 207,909,853,368.89 "
2022-03-11T05:45:00.000+07:00," 38,415,695,092.44 "," 9,070,087,663.77 "," 221,854,093,642.40 "
2022-03-11T06:00:00.000+07:00," 45,898,740,361.16 "," 9,934,864,952.60 "," 240,864,471,176.92 "
2022-03-11T06:15:00.000+07:00," 51,518,191,096.17 "," 10,252,019,516.09 "," 271,225,925,700.12 "
2022-03-11T06:30:00.000+07:00," 58,831,068,625.40 "," 10,618,711,440.92 "," 312,920,751,253.42 "
2022-03-11T06:45:00.000+07:00," 63,692,190,863.72 "," 10,980,317,927.64 "," 362,026,658,897.76 "
2022-03-11T07:00:00.000+07:00," 68,830,787,317.62 "," 11,758,203,289.24 "," 411,774,516,137.03 "
2022-03-11T07:15:00.000+07:00," 70,564,888,349.29 "," 12,527,002,572.10 "," 458,220,641,482.06 "
2022-03-11T07:30:00.000+07:00," 72,145,311,366.45 "," 12,434,368,146.44 "," 497,658,397,462.15 "
2022-03-11T07:45:00.000+07:00," 73,355,035,621.81 "," 13,389,709,751.78 "," 535,401,283,706.02 "
2022-03-11T08:00:00.000+07:00," 76,343,579,093.44 "," 14,119,864,323.96 "," 575,125,598,694.28 "
2022-03-11T08:15:00.000+07:00," 78,047,733,425.64 "," 14,023,151,997.62 "," 614,767,182,844.12 "
2022-03-11T08:30:00.000+07:00," 80,356,944,538.12 "," 15,436,034,562.20 "," 657,280,616,820.33 "
2022-03-11T08:45:00.000+07:00," 82,231,268,376.13 "," 14,809,848,911.26 "," 699,850,384,084.29 "
2022-03-11T09:00:00.000+07:00," 84,383,220,037.45 "," 16,335,070,057.96 "," 734,984,671,161.69 "
2022-03-11T09:15:00.000+07:00," 85,428,916,724.98 "," 16,660,919,596.13 "," 772,621,645,276.66 "
2022-03-11T09:30:00.000+07:00," 86,600,567,924.44 "," 16,593,260,462.74 "," 796,051,316,376.37 "
2022-03-11T09:45:00.000+07:00," 87,927,700,067.72 "," 16,805,207,224.84 "," 818,573,843,729.14 "
2022-03-11T10:00:00.000+07:00," 103,402,834,532.10 "," 17,191,972,950.01 "," 835,726,759,579.72 "
2022-03-11T10:15:00.000+07:00," 111,217,680,702.87 "," 17,417,199,873.62 "," 852,589,633,816.40 "
2022-03-11T10:30:00.000+07:00," 112,435,813,181.28 "," 16,599,376,114.58 "," 869,436,704,741.19 "
2022-03-11T10:45:00.000+07:00," 112,670,357,181.40 "," 17,593,179,416.53 "," 885,681,160,607.60 "
2022-03-11T11:00:00.000+07:00," 112,821,539,289.56 "," 18,201,313,275.54 "," 891,222,150,251.35 "
2022-03-11T11:15:00.000+07:00," 112,350,083,723.48 "," 17,503,558,560.24 "," 892,766,295,320.47 "
2022-03-11T11:30:00.000+07:00," 113,663,314,765.24 "," 17,605,920,508.50 "," 899,368,749,863.92 "
2022-03-11T11:45:00.000+07:00," 114,675,087,165.32 "," 17,600,384,202.90 "," 905,275,855,283.25 "
2022-03-11T12:00:00.000+07:00," 116,431,946,220.20 "," 17,772,538,451.92 "," 908,670,011,115.93 "
2022-03-11T12:15:00.000+07:00," 117,316,717,415.18 "," 17,543,228,278.01 "," 917,956,412,229.80 "
2022-03-11T12:30:00.000+07:00," 119,185,679,932.46 "," 16,586,740,985.47 "," 918,458,745,712.34 "
2022-03-11T12:45:00.000+07:00," 118,864,693,172.61 "," 16,549,783,886.28 "," 916,097,861,937.23 "
2022-03-11T13:00:00.000+07:00," 117,100,970,831.86 "," 18,544,276,241.00 "," 913,441,573,695.88 "
2022-03-11T13:15:00.000+07:00," 115,387,545,193.47 "," 18,141,990,150.76 "," 914,323,710,192.24 "
2022-03-11T13:30:00.000+07:00," 114,918,887,362.69 "," 18,191,629,037.79 "," 921,954,905,425.96 "
2022-03-11T13:45:00.000+07:00," 116,097,151,362.90 "," 18,052,400,785.67 "," 920,629,872,536.39 "
2022-03-11T14:00:00.000+07:00," 117,078,791,197.08 "," 17,771,397,348.02 "," 911,633,618,401.50 "
2022-03-11T14:15:00.000+07:00," 117,509,180,976.87 "," 17,660,508,519.80 "," 921,346,507,936.48 "
2022-03-11T14:30:00.000+07:00," 118,647,610,641.58 "," 18,748,573,260.43 "," 918,987,814,159.78 "
2022-03-11T14:45:00.000+07:00," 119,454,267,040.46 "," 19,292,845,140.52 "," 920,184,502,353.00 "
2022-03-11T15:00:00.000+07:00," 119,838,762,043.38 "," 18,571,416,511.27 "," 911,411,444,039.64 "
2022-03-11T15:15:00.000+07:00," 121,395,472,060.70 "," 18,998,600,650.56 "," 930,141,660,090.76 "
2022-03-11T15:30:00.000+07:00," 122,214,617,371.77 "," 18,743,063,515.41 "," 927,496,107,789.42 "
2022-03-11T15:45:00.000+07:00," 123,973,660,864.24 "," 18,468,524,743.13 "," 933,547,623,984.68 "
2022-03-11T16:00:00.000+07:00," 123,249,952,373.24 "," 18,739,405,090.56 "," 925,872,933,749.96 "
2022-03-11T16:15:00.000+07:00," 123,107,803,063.24 "," 17,820,434,951.42 "," 936,992,451,060.74 "
2022-03-11T16:30:00.000+07:00," 123,204,257,181.08 "," 18,285,772,834.30 "," 933,922,827,846.12 "
2022-03-11T16:45:00.000+07:00," 123,686,713,035.38 "," 17,586,972,211.87 "," 922,969,530,525.28 "
2022-03-11T17:00:00.000+07:00," 120,474,146,088.18 "," 18,440,773,565.19 "," 902,994,972,634.84 "
2022-03-11T17:15:00.000+07:00," 123,354,445,249.83 "," 17,799,666,292.03 "," 906,189,670,898.68 "
2022-03-11T17:30:00.000+07:00," 123,251,098,786.85 "," 17,491,586,817.84 "," 906,331,785,969.89 "
2022-03-11T17:45:00.000+07:00," 124,659,913,308.83 "," 17,736,302,244.99 "," 905,267,510,719.30 "
2022-03-11T18:00:00.000+07:00," 128,635,002,249.03 "," 17,543,356,022.53 "," 915,462,951,287.52 "
2022-03-11T18:15:00.000+07:00," 132,879,378,936.30 "," 16,753,515,641.76 "," 941,406,162,451.83 "
2022-03-11T18:30:00.000+07:00," 139,374,806,660.96 "," 17,109,240,669.90 "," 982,883,303,925.08 "
2022-03-11T18:45:00.000+07:00," 146,261,683,382.68 "," 17,415,908,474.98 "," 1,025,249,908,716.51 "
2022-03-11T19:00:00.000+07:00," 151,839,040,229.56 "," 17,708,081,897.29 "," 1,053,738,800,886.61 "
2022-03-11T19:15:00.000+07:00," 163,024,512,635.46 "," 18,339,866,679.21 "," 1,107,003,848,203.60 "
2022-03-11T19:30:00.000+07:00," 168,358,868,067.39 "," 18,353,851,025.83 "," 1,137,195,113,438.72 "
2022-03-11T19:45:00.000+07:00," 175,152,382,148.53 "," 19,562,687,782.55 "," 1,155,196,068,261.22 "
2022-03-11T20:00:00.000+07:00," 168,172,592,393.58 "," 17,318,803,550.98 "," 1,093,581,080,760.21 "
2022-03-11T20:15:00.000+07:00," 189,694,664,007.75 "," 19,872,605,350.33 "," 1,207,881,690,305.04 "
2022-03-11T20:30:00.000+07:00," 188,474,522,542.03 "," 19,331,931,834.09 "," 1,188,174,405,439.12 "
2022-03-11T20:45:00.000+07:00," 187,588,697,532.52 "," 19,675,126,200.08 "," 1,167,501,575,528.32 "
2022-03-11T21:00:00.000+07:00," 158,199,383,202.28 "," 17,840,132,839.72 "," 983,356,600,903.67 "
2022-03-11T21:15:00.000+07:00," 184,134,472,426.43 "," 19,413,263,645.54 "," 1,130,139,667,937.05 "
2022-03-11T21:30:00.000+07:00," 180,357,285,324.11 "," 19,994,813,271.97 "," 1,110,704,061,126.01 "
2022-03-11T21:45:00.000+07:00," 175,973,634,599.46 "," 18,548,725,544.28 "," 1,080,623,013,993.13 "
2022-03-11T22:00:00.000+07:00," 145,974,900,340.50 "," 16,572,569,394.46 "," 903,639,420,069.07 "
2022-03-11T22:15:00.000+07:00," 158,911,866,452.97 "," 17,956,627,930.14 "," 1,001,484,612,890.14 "
2022-03-11T22:30:00.000+07:00," 148,785,766,542.93 "," 17,351,033,904.34 "," 963,149,152,953.36 "
2022-03-11T22:45:00.000+07:00," 138,175,898,080.85 "," 16,466,197,375.11 "," 931,891,462,672.67 "
2022-03-11T23:00:00.000+07:00," 125,272,369,965.59 "," 15,277,264,791.24 "," 855,916,898,388.33 "
2022-03-11T23:15:00.000+07:00," 118,020,420,544.81 "," 15,085,710,032.42 "," 850,391,286,367.08 "
2022-03-11T23:30:00.000+07:00," 107,148,490,821.21 "," 15,199,511,732.12 "," 805,685,529,924.58 "
2022-03-11T23:45:00.000+07:00," 96,615,693,019.10 "," 15,030,085,750.80 "," 760,988,189,470.46 "
2022-03-12T00:00:00.000+07:00," 90,111,432,128.71 "," 14,320,109,110.14 "," 699,246,356,642.79 "
2022-03-12T00:15:00.000+07:00," 79,395,248,304.84 "," 13,462,460,747.31 "," 651,097,742,528.96 "
2022-03-12T00:30:00.000+07:00," 70,567,784,097.86 "," 13,351,478,860.46 "," 605,172,732,375.08 "
2022-03-12T00:45:00.000+07:00," 62,606,684,924.19 "," 12,953,767,987.98 "," 554,376,569,866.67 "
2022-03-12T01:00:00.000+07:00," 55,558,574,612.75 "," 12,543,536,797.61 "," 506,494,193,550.50 "
2022-03-12T01:15:00.000+07:00," 49,626,094,762.70 "," 11,233,412,847.13 "," 462,977,116,643.27 "
2022-03-12T01:30:00.000+07:00," 44,934,030,957.71 "," 10,952,150,058.99 "," 426,318,076,810.83 "
2022-03-12T01:45:00.000+07:00," 40,727,473,658.71 "," 10,227,402,510.75 "," 392,885,291,252.34 "
2022-03-12T02:00:00.000+07:00," 37,160,966,485.71 "," 9,820,821,500.13 "," 364,282,942,799.35 "
2022-03-12T02:15:00.000+07:00," 33,958,973,551.61 "," 9,666,394,085.71 "," 336,680,776,145.55 "
2022-03-12T02:30:00.000+07:00," 31,029,538,598.76 "," 10,603,342,254.37 "," 312,710,804,722.83 "
2022-03-12T02:45:00.000+07:00," 29,500,157,658.91 "," 9,569,690,112.04 "," 292,394,326,920.57 "
2022-03-12T03:00:00.000+07:00," 28,095,274,491.25 "," 9,499,779,700.43 "," 270,935,507,714.22 "
2022-03-12T03:15:00.000+07:00," 26,393,622,173.39 "," 9,555,763,060.65 "," 253,271,187,148.49 "
2022-03-12T03:30:00.000+07:00," 25,249,403,390.62 "," 10,168,504,767.54 "," 237,027,501,208.54 "
2022-03-12T03:45:00.000+07:00," 24,422,057,645.91 "," 10,574,199,010.99 "," 225,300,602,770.27 "
2022-03-12T04:00:00.000+07:00," 24,385,820,138.55 "," 9,317,201,028.68 "," 213,281,774,490.21 "
2022-03-12T04:15:00.000+07:00," 24,339,625,724.31 "," 9,332,059,629.29 "," 205,197,929,545.64 "
2022-03-12T04:30:00.000+07:00," 25,366,146,646.95 "," 9,428,576,992.54 "," 198,009,760,575.98 "
2022-03-12T04:45:00.000+07:00," 27,254,049,232.49 "," 9,748,973,480.36 "," 195,506,288,713.91 "
2022-03-12T05:00:00.000+07:00," 30,365,434,793.19 "," 8,580,095,951.30 "," 196,481,859,242.14 "
2022-03-12T05:15:00.000+07:00," 32,968,248,064.94 "," 7,538,340,068.67 "," 198,906,848,057.98 "
2022-03-12T05:30:00.000+07:00," 37,325,814,976.47 "," 7,376,069,130.98 "," 207,287,031,163.95 "
2022-03-12T05:45:00.000+07:00," 42,301,625,291.27 "," 8,116,278,092.38 "," 218,907,613,711.71 "
2022-03-12T06:00:00.000+07:00," 48,932,448,407.49 "," 8,358,755,954.11 "," 234,841,830,637.69 "
2022-03-12T06:15:00.000+07:00," 55,855,083,043.70 "," 8,654,744,822.86 "," 256,882,109,608.62 "
2022-03-12T06:30:00.000+07:00," 63,549,282,338.78 "," 9,479,014,340.79 "," 292,692,819,139.62 "
2022-03-12T06:45:00.000+07:00," 69,656,652,873.98 "," 9,842,061,460.89 "," 339,976,770,992.79 "
2022-03-12T07:00:00.000+07:00," 75,624,465,473.06 "," 10,231,108,512.85 "," 392,812,722,715.34 "
2022-03-12T07:15:00.000+07:00," 78,721,880,960.96 "," 9,971,661,913.72 "," 443,344,423,700.45 "
2022-03-12T07:30:00.000+07:00," 82,398,678,524.26 "," 10,050,488,658.22 "," 495,594,563,593.00 "
2022-03-12T07:45:00.000+07:00," 85,200,235,667.01 "," 10,632,851,817.10 "," 549,957,409,555.26 "
2022-03-12T08:00:00.000+07:00," 89,321,138,864.83 "," 12,082,088,878.97 "," 607,862,720,148.69 "
2022-03-12T08:15:00.000+07:00," 90,951,204,157.13 "," 12,075,693,681.42 "," 659,598,372,070.56 "
2022-03-12T08:30:00.000+07:00," 93,673,947,260.74 "," 12,613,748,042.90 "," 714,932,261,191.47 "
2022-03-12T08:45:00.000+07:00," 95,460,239,787.44 "," 13,432,680,726.60 "," 763,176,404,025.10 "
2022-03-12T09:00:00.000+07:00," 98,916,173,117.95 "," 14,634,290,328.28 "," 815,260,353,133.83 "
2022-03-12T09:15:00.000+07:00," 100,469,909,270.23 "," 13,707,017,613.33 "," 856,427,932,665.99 "
2022-03-12T09:30:00.000+07:00," 101,882,562,435.94 "," 13,535,052,563.73 "," 887,741,346,726.19 "
2022-03-12T09:45:00.000+07:00," 102,107,356,843.00 "," 13,542,769,172.40 "," 907,346,361,524.88 "
2022-03-12T10:00:00.000+07:00," 104,227,698,364.80 "," 14,918,768,028.76 "," 930,650,689,544.20 "
2022-03-12T10:15:00.000+07:00," 104,564,096,604.02 "," 15,138,075,225.19 "," 943,304,891,507.84 "
2022-03-12T10:30:00.000+07:00," 105,879,961,284.74 "," 14,861,237,777.86 "," 955,189,847,215.32 "
2022-03-12T10:45:00.000+07:00," 106,593,238,495.18 "," 15,122,611,892.49 "," 962,128,551,274.93 "
2022-03-12T11:00:00.000+07:00," 108,249,952,804.60 "," 15,446,946,120.61 "," 970,159,080,892.01 "
2022-03-12T11:15:00.000+07:00," 108,182,839,654.44 "," 16,126,477,411.13 "," 972,260,861,429.56 "
2022-03-12T11:30:00.000+07:00," 109,360,431,049.88 "," 15,252,037,778.69 "," 976,560,863,814.17 "
2022-03-12T11:45:00.000+07:00," 114,699,651,609.23 "," 15,226,995,240.13 "," 986,718,776,593.92 "
2022-03-12T12:00:00.000+07:00," 132,409,649,208.93 "," 14,650,005,111.96 "," 994,094,111,958.78 "
2022-03-12T12:15:00.000+07:00," 132,940,760,667.76 "," 15,300,996,282.74 "," 1,001,465,710,084.96 "
2022-03-12T12:30:00.000+07:00," 133,903,693,161.67 "," 14,962,173,676.96 "," 1,011,986,775,509.72 "
2022-03-12T12:45:00.000+07:00," 134,346,946,336.29 "," 14,395,935,426.03 "," 1,013,803,398,697.59 "
2022-03-12T13:00:00.000+07:00," 133,368,353,361.64 "," 14,874,532,725.15 "," 1,015,343,658,858.34 "
2022-03-12T13:15:00.000+07:00," 132,301,840,397.23 "," 15,895,175,667.69 "," 1,009,002,882,172.46 "
2022-03-12T13:30:00.000+07:00," 131,845,578,420.82 "," 15,848,921,216.00 "," 1,011,280,033,309.36 "
2022-03-12T13:45:00.000+07:00," 131,870,864,729.35 "," 15,600,690,076.23 "," 1,002,288,727,382.48 "
2022-03-12T14:00:00.000+07:00," 133,256,169,387.40 "," 16,290,635,428.80 "," 993,421,460,098.72 "
2022-03-12T14:15:00.000+07:00," 134,135,661,784.84 "," 16,147,507,123.24 "," 995,425,694,004.84 "
2022-03-12T14:30:00.000+07:00," 134,036,116,522.64 "," 16,949,871,817.20 "," 993,644,373,377.41 "
2022-03-12T14:45:00.000+07:00," 134,253,499,090.36 "," 16,475,457,290.39 "," 989,407,380,895.18 "
2022-03-12T15:00:00.000+07:00," 136,479,638,123.01 "," 17,348,184,993.61 "," 991,854,912,386.83 "
2022-03-12T15:15:00.000+07:00," 135,978,672,594.03 "," 16,435,886,454.50 "," 1,004,603,108,544.58 "
2022-03-12T15:30:00.000+07:00," 136,917,198,038.40 "," 15,187,904,248.04 "," 996,919,844,773.37 "
2022-03-12T15:45:00.000+07:00," 137,944,821,553.90 "," 14,920,164,550.45 "," 994,699,180,676.22 "
2022-03-12T16:00:00.000+07:00," 137,695,974,249.24 "," 15,740,592,864.72 "," 987,051,186,322.51 "
2022-03-12T16:15:00.000+07:00," 137,347,526,172.30 "," 16,703,005,725.81 "," 989,851,885,464.48 "
2022-03-12T16:30:00.000+07:00," 136,506,770,555.15 "," 17,239,204,463.28 "," 980,141,484,019.38 "
2022-03-12T16:45:00.000+07:00," 135,215,508,933.17 "," 17,611,632,472.10 "," 969,491,328,610.69 "
2022-03-12T17:00:00.000+07:00," 132,769,005,266.11 "," 17,684,151,515.16 "," 946,330,414,994.20 "
2022-03-12T17:15:00.000+07:00," 132,688,300,201.61 "," 19,358,820,186.03 "," 932,726,205,756.60 "
2022-03-12T17:30:00.000+07:00," 132,430,036,678.99 "," 16,232,573,439.86 "," 925,714,083,581.51 "
2022-03-12T17:45:00.000+07:00," 133,251,402,507.64 "," 16,234,604,919.21 "," 922,637,071,377.60 "
2022-03-12T18:00:00.000+07:00," 137,324,694,553.89 "," 17,363,804,559.41 "," 938,440,796,082.80 "
2022-03-12T18:15:00.000+07:00," 140,465,182,490.38 "," 18,691,831,512.33 "," 951,787,958,266.85 "
2022-03-12T18:30:00.000+07:00," 145,026,816,012.49 "," 17,069,836,679.64 "," 986,720,957,000.48 "
2022-03-12T18:45:00.000+07:00," 154,231,470,808.30 "," 17,924,214,103.28 "," 1,030,678,875,283.37 "
2022-03-12T19:00:00.000+07:00," 162,824,141,927.07 "," 18,251,198,160.20 "," 1,067,911,411,301.84 "
2022-03-12T19:15:00.000+07:00," 170,315,763,247.31 "," 18,871,330,119.48 "," 1,091,019,455,043.52 "
2022-03-12T19:30:00.000+07:00," 174,785,648,325.71 "," 19,523,511,186.98 "," 1,100,392,369,256.75 "
2022-03-12T19:45:00.000+07:00," 180,435,569,485.10 "," 18,256,108,383.67 "," 1,118,068,232,380.24 "
2022-03-12T20:00:00.000+07:00," 180,275,174,264.38 "," 17,892,172,526.09 "," 1,098,333,824,938.64 "
2022-03-12T20:15:00.000+07:00," 195,265,685,620.84 "," 19,164,115,647.47 "," 1,154,879,715,849.98 "
2022-03-12T20:30:00.000+07:00," 194,004,909,400.44 "," 20,058,387,123.77 "," 1,129,435,719,482.00 "
2022-03-12T20:45:00.000+07:00," 194,700,607,131.51 "," 19,702,351,674.24 "," 1,109,384,560,370.88 "
2022-03-12T21:00:00.000+07:00," 170,404,311,216.38 "," 18,058,705,560.40 "," 956,094,941,697.41 "
2022-03-12T21:15:00.000+07:00," 195,086,655,607.60 "," 19,529,514,867.67 "," 1,078,706,424,124.38 "
2022-03-12T21:30:00.000+07:00," 191,737,836,019.99 "," 19,177,095,104.82 "," 1,071,445,864,635.81 "
2022-03-12T21:45:00.000+07:00," 187,078,859,712.23 "," 19,957,070,081.94 "," 1,058,250,101,715.06 "
2022-03-12T22:00:00.000+07:00," 142,310,289,297.24 "," 15,456,907,933.40 "," 848,019,550,333.27 "
2022-03-12T22:15:00.000+07:00," 168,624,460,307.38 "," 17,359,633,089.69 "," 984,441,398,245.08 "
2022-03-12T22:30:00.000+07:00," 159,360,216,938.12 "," 17,298,434,611.84 "," 959,761,506,910.55 "
2022-03-12T22:45:00.000+07:00," 148,839,008,544.78 "," 16,625,481,807.18 "," 930,800,603,621.27 "
2022-03-12T23:00:00.000+07:00," 135,889,774,436.36 "," 15,667,209,582.63 "," 856,651,781,255.37 "
2022-03-12T23:15:00.000+07:00," 128,337,649,480.45 "," 15,000,601,876.02 "," 848,102,083,033.76 "
2022-03-12T23:30:00.000+07:00," 118,218,607,724.02 "," 15,062,149,307.11 "," 809,258,353,723.90 "
2022-03-12T23:45:00.000+07:00," 107,546,848,349.90 "," 14,458,950,249.16 "," 766,901,590,518.88 "
2022-03-13T00:00:00.000+07:00," 100,578,604,890.16 "," 13,814,827,288.95 "," 711,809,322,135.75 "
2022-03-13T00:15:00.000+07:00," 90,341,854,915.72 "," 13,403,627,089.59 "," 654,209,184,002.01 "
2022-03-13T00:30:00.000+07:00," 79,494,156,325.37 "," 13,102,322,274.17 "," 585,017,358,329.84 "
2022-03-13T00:45:00.000+07:00," 70,747,830,611.72 "," 11,954,685,415.88 "," 533,727,504,468.23 "
2022-03-13T01:00:00.000+07:00," 63,253,672,983.00 "," 11,538,324,892.63 "," 492,548,586,912.69 "
2022-03-13T01:15:00.000+07:00," 60,682,078,650.46 "," 12,202,825,867.25 "," 468,529,815,187.28 "
2022-03-13T01:30:00.000+07:00," 53,251,414,216.60 "," 11,893,226,041.66 "," 432,971,794,790.66 "
2022-03-13T01:45:00.000+07:00," 46,851,458,716.15 "," 10,903,435,647.67 "," 394,460,292,869.16 "
2022-03-13T02:00:00.000+07:00," 43,546,237,254.12 "," 11,296,232,498.92 "," 366,797,908,054.81 "
2022-03-13T02:15:00.000+07:00," 42,009,168,449.40 "," 11,909,445,104.75 "," 346,398,169,477.87 "
2022-03-13T02:30:00.000+07:00," 38,743,086,236.56 "," 10,664,744,145.11 "," 338,011,028,511.88 "
2022-03-13T02:45:00.000+07:00," 34,975,116,896.84 "," 10,665,319,697.72 "," 311,753,194,596.43 "
2022-03-13T03:00:00.000+07:00," 32,621,666,733.28 "," 10,260,401,962.79 "," 289,382,581,376.23 "
2022-03-13T03:15:00.000+07:00," 30,435,070,000.31 "," 8,968,511,713.06 "," 267,915,020,442.41 "
2022-03-13T03:30:00.000+07:00," 29,154,368,114.57 "," 8,192,286,463.39 "," 249,421,585,308.83 "
2022-03-13T03:45:00.000+07:00," 28,068,278,560.40 "," 8,772,130,588.42 "," 233,774,610,878.73 "
2022-03-13T04:00:00.000+07:00," 27,181,671,968.38 "," 8,512,452,362.52 "," 221,754,063,718.85 "
2022-03-13T04:15:00.000+07:00," 26,849,285,113.38 "," 8,300,977,341.37 "," 211,492,059,864.06 "
2022-03-13T04:30:00.000+07:00," 27,891,263,911.54 "," 8,463,300,404.49 "," 206,066,167,245.78 "
2022-03-13T04:45:00.000+07:00," 29,174,369,670.03 "," 7,773,846,422.47 "," 200,082,602,748.44 "
2022-03-13T05:00:00.000+07:00," 32,123,247,692.42 "," 7,907,825,052.98 "," 199,464,574,324.09 "
2022-03-13T05:15:00.000+07:00," 34,940,647,458.04 "," 7,530,354,308.60 "," 200,986,049,230.43 "
2022-03-13T05:30:00.000+07:00," 39,046,785,756.74 "," 7,831,610,634.57 "," 207,756,020,972.48 "
2022-03-13T05:45:00.000+07:00," 43,351,791,172.76 "," 7,030,659,935.56 "," 214,210,195,593.88 "
2022-03-13T06:00:00.000+07:00," 50,569,081,216.74 "," 7,345,334,864.91 "," 225,963,276,715.14 "
2022-03-13T06:15:00.000+07:00," 57,197,656,512.70 "," 7,685,929,349.85 "," 246,092,456,035.03 "
2022-03-13T06:30:00.000+07:00," 65,609,325,787.10 "," 8,068,910,632.38 "," 278,131,767,615.26 "
2022-03-13T06:45:00.000+07:00," 72,787,098,618.15 "," 8,698,566,737.25 "," 319,870,242,447.39 "
2022-03-13T07:00:00.000+07:00," 79,745,228,041.44 "," 8,614,892,775.81 "," 371,153,911,858.62 "
2022-03-13T07:15:00.000+07:00," 84,291,378,702.35 "," 8,902,772,772.22 "," 424,127,293,635.15 "
2022-03-13T07:30:00.000+07:00," 88,426,360,192.56 "," 9,936,253,838.29 "," 479,088,675,394.65 "
2022-03-13T07:45:00.000+07:00," 92,810,358,751.13 "," 9,968,817,024.48 "," 532,144,126,807.71 "
2022-03-13T08:00:00.000+07:00," 97,915,573,087.27 "," 11,307,340,077.70 "," 588,109,139,621.10 "
2022-03-13T08:15:00.000+07:00," 100,244,886,984.79 "," 11,310,589,778.16 "," 642,461,364,012.43 "
2022-03-13T08:30:00.000+07:00," 103,847,122,553.80 "," 11,944,603,424.07 "," 699,928,898,403.00 "
2022-03-13T08:45:00.000+07:00," 106,557,169,648.32 "," 11,704,148,628.09 "," 747,695,712,708.86 "
2022-03-13T09:00:00.000+07:00," 106,565,840,941.08 "," 12,023,381,634.99 "," 768,666,958,295.48 "
2022-03-13T09:15:00.000+07:00," 112,182,663,209.48 "," 13,158,026,027.55 "," 848,924,169,918.55 "
2022-03-13T09:30:00.000+07:00," 113,877,709,768.96 "," 13,103,793,915.23 "," 882,886,975,716.38 "
2022-03-13T09:45:00.000+07:00," 115,281,657,443.72 "," 13,983,194,711.15 "," 902,767,117,449.50 "
2022-03-13T10:00:00.000+07:00," 85,270,933,432.02 "," 11,207,479,121.56 "," 657,339,357,713.63 "
2022-03-13T10:15:00.000+07:00," 118,408,845,794.68 "," 14,440,697,385.58 "," 941,314,927,006.20 "
2022-03-13T10:30:00.000+07:00," 118,965,078,191.91 "," 13,009,276,643.48 "," 953,513,290,407.98 "
2022-03-13T10:45:00.000+07:00," 119,715,521,175.39 "," 14,196,407,432.17 "," 964,508,055,646.74 "
2022-03-13T11:00:00.000+07:00," 84,811,536,583.72 "," 10,515,199,159.62 "," 666,600,761,509.69 "
2022-03-13T11:15:00.000+07:00," 121,355,655,822.70 "," 14,629,262,264.12 "," 973,034,785,454.90 "
2022-03-13T11:30:00.000+07:00," 121,698,642,354.13 "," 15,514,290,306.80 "," 980,904,085,333.59 "
2022-03-13T11:45:00.000+07:00," 121,463,335,663.08 "," 15,870,797,552.38 "," 982,920,092,825.76 "
2022-03-13T12:00:00.000+07:00," 85,620,085,429.29 "," 11,199,449,022.80 "," 679,337,829,650.97 "
2022-03-13T12:15:00.000+07:00," 121,638,240,853.10 "," 17,005,833,846.91 "," 995,259,523,217.97 "
2022-03-13T12:30:00.000+07:00," 124,041,461,722.53 "," 16,289,067,474.45 "," 1,002,957,393,827.26 "
2022-03-13T12:45:00.000+07:00," 124,414,815,359.83 "," 15,972,204,851.43 "," 1,007,827,931,018.97 "
2022-03-13T13:00:00.000+07:00," 115,018,749,770.42 "," 14,110,874,791.42 "," 913,433,169,340.01 "
2022-03-13T13:15:00.000+07:00," 123,671,340,715.31 "," 15,841,053,207.81 "," 1,002,930,859,411.60 "
2022-03-13T13:30:00.000+07:00," 124,992,597,632.57 "," 15,456,583,023.27 "," 1,006,098,089,127.67 "
2022-03-13T13:45:00.000+07:00," 125,666,303,481.72 "," 16,487,898,230.33 "," 1,003,149,350,663.86 "
2022-03-13T14:00:00.000+07:00," 125,779,402,949.50 "," 17,280,105,439.56 "," 998,545,520,754.10 "
2022-03-13T14:15:00.000+07:00," 126,733,786,297.32 "," 16,437,508,989.30 "," 1,005,031,469,422.56 "
2022-03-13T14:30:00.000+07:00," 127,917,545,205.13 "," 16,082,611,677.58 "," 995,792,602,648.28 "
2022-03-13T14:45:00.000+07:00," 129,102,071,553.61 "," 16,941,332,526.96 "," 988,227,268,510.60 "
2022-03-13T15:00:00.000+07:00," 129,472,105,936.14 "," 17,272,948,331.61 "," 983,110,424,109.88 "
2022-03-13T15:15:00.000+07:00," 129,745,632,982.60 "," 16,594,977,019.08 "," 988,619,736,584.99 "
2022-03-13T15:30:00.000+07:00," 130,449,581,033.50 "," 17,724,842,371.18 "," 982,404,554,109.35 "
2022-03-13T15:45:00.000+07:00," 129,991,700,793.32 "," 16,524,509,780.15 "," 982,589,381,154.12 "
2022-03-13T16:00:00.000+07:00," 129,857,952,885.94 "," 17,054,382,023.26 "," 970,731,468,458.44 "
2022-03-13T16:15:00.000+07:00," 128,317,644,297.85 "," 16,761,808,677.82 "," 972,278,184,894.52 "
2022-03-13T16:30:00.000+07:00," 126,446,472,749.87 "," 17,502,832,482.23 "," 965,935,914,484.19 "
2022-03-13T16:45:00.000+07:00," 124,970,123,830.86 "," 17,011,100,378.76 "," 955,596,245,427.80 "
2022-03-13T17:00:00.000+07:00," 123,022,257,301.43 "," 15,638,138,681.13 "," 945,747,255,186.45 "
2022-03-13T17:15:00.000+07:00," 121,674,492,286.26 "," 15,907,197,229.77 "," 944,212,689,228.15 "
2022-03-13T17:30:00.000+07:00," 121,908,011,220.89 "," 15,592,414,710.24 "," 944,594,598,022.60 "
2022-03-13T17:45:00.000+07:00," 123,133,740,753.35 "," 16,310,429,158.84 "," 947,328,447,653.10 "
2022-03-13T18:00:00.000+07:00," 125,847,613,046.65 "," 18,137,209,772.20 "," 953,491,974,014.92 "
2022-03-13T18:15:00.000+07:00," 128,863,873,115.03 "," 16,608,692,369.82 "," 969,650,674,342.51 "
2022-03-13T18:30:00.000+07:00," 133,361,698,928.13 "," 16,883,598,899.43 "," 993,648,936,617.06 "
2022-03-13T18:45:00.000+07:00," 140,874,633,815.68 "," 17,588,195,477.35 "," 1,038,101,041,149.61 "
2022-03-13T19:00:00.000+07:00," 148,750,712,158.44 "," 18,008,357,839.04 "," 1,066,305,656,516.39 "
2022-03-13T19:15:00.000+07:00," 155,825,203,901.63 "," 17,932,967,260.31 "," 1,112,340,011,813.95 "
2022-03-13T19:30:00.000+07:00," 165,091,706,139.04 "," 18,449,017,928.37 "," 1,140,955,625,878.96 "
2022-03-13T19:45:00.000+07:00," 171,336,365,487.92 "," 18,263,968,064.95 "," 1,159,495,567,998.83 "
2022-03-13T20:00:00.000+07:00," 166,855,680,055.68 "," 18,673,812,038.44 "," 1,124,809,905,122.87 "
2022-03-13T20:15:00.000+07:00," 182,723,460,702.09 "," 20,041,390,309.52 "," 1,181,787,386,631.15 "
2022-03-13T20:30:00.000+07:00," 185,745,499,492.05 "," 20,415,092,290.82 "," 1,154,570,055,017.26 "
2022-03-13T20:45:00.000+07:00," 188,099,637,301.97 "," 20,791,305,477.44 "," 1,131,987,372,126.96 "
2022-03-13T21:00:00.000+07:00," 155,211,812,760.66 "," 18,307,257,227.80 "," 921,867,122,331.04 "
2022-03-13T21:15:00.000+07:00," 185,704,633,928.78 "," 20,337,145,508.45 "," 1,061,149,893,299.33 "
2022-03-13T21:30:00.000+07:00," 179,929,889,269.91 "," 20,302,261,636.12 "," 1,037,993,184,966.20 "
2022-03-13T21:45:00.000+07:00," 176,395,071,521.69 "," 19,960,963,579.35 "," 1,017,785,026,111.20 "
2022-03-13T22:00:00.000+07:00," 135,796,922,303.75 "," 16,702,655,691.14 "," 828,333,038,968.72 "
2022-03-13T22:15:00.000+07:00," 155,589,602,986.76 "," 18,585,650,873.79 "," 939,595,446,436.60 "
2022-03-13T22:30:00.000+07:00," 147,427,929,759.75 "," 18,620,331,201.38 "," 908,123,591,133.51 "
2022-03-13T22:45:00.000+07:00," 137,926,496,435.32 "," 17,342,244,778.60 "," 882,014,855,165.30 "
2022-03-13T23:00:00.000+07:00," 119,999,893,656.00 "," 16,035,605,115.60 "," 801,679,992,147.51 "
2022-03-13T23:15:00.000+07:00," 117,688,128,389.01 "," 16,662,032,183.91 "," 808,962,916,564.05 "
2022-03-13T23:30:00.000+07:00," 105,531,677,947.90 "," 15,341,147,607.31 "," 756,717,589,321.39 "
2022-03-13T23:45:00.000+07:00," 94,856,994,566.31 "," 14,605,691,275.05 "," 702,740,090,469.00 "
2022-03-14T00:00:00.000+07:00," 87,173,920,671.74 "," 13,954,781,478.24 "," 639,771,737,066.89 "
2022-03-14T00:15:00.000+07:00," 78,398,086,164.09 "," 12,659,252,578.36 "," 601,235,619,698.65 "
2022-03-14T00:30:00.000+07:00," 68,410,852,570.53 "," 12,837,704,923.12 "," 553,125,697,131.68 "
2022-03-14T00:45:00.000+07:00," 60,462,068,093.05 "," 12,557,016,082.14 "," 506,726,008,484.14 "
2022-03-14T01:00:00.000+07:00," 53,612,012,137.01 "," 11,315,813,797.24 "," 467,330,088,323.86 "
2022-03-14T01:15:00.000+07:00," 48,121,594,673.24 "," 10,816,710,349.47 "," 434,523,723,842.33 "
2022-03-14T01:30:00.000+07:00," 44,095,551,455.06 "," 10,004,540,131.76 "," 407,530,607,173.21 "
2022-03-14T01:45:00.000+07:00," 39,593,056,265.69 "," 9,765,663,285.50 "," 380,924,718,171.52 "
2022-03-14T02:00:00.000+07:00," 35,786,791,329.63 "," 10,563,197,871.57 "," 352,271,592,675.72 "
2022-03-14T02:15:00.000+07:00," 32,706,831,128.61 "," 11,469,451,929.91 "," 326,383,618,207.12 "
2022-03-14T02:30:00.000+07:00," 29,868,112,375.37 "," 11,331,498,028.09 "," 303,366,985,895.85 "
2022-03-14T02:45:00.000+07:00," 27,610,801,352.47 "," 9,974,913,310.97 "," 281,727,611,539.96 "
2022-03-14T03:00:00.000+07:00," 26,076,496,659.62 "," 10,396,604,973.24 "," 262,106,501,056.20 "
2022-03-14T03:15:00.000+07:00," 24,555,024,635.64 "," 9,977,840,276.90 "," 245,935,589,294.69 "
2022-03-14T03:30:00.000+07:00," 23,536,048,823.76 "," 8,718,154,271.67 "," 229,542,297,009.55 "
2022-03-14T03:45:00.000+07:00," 22,966,056,044.96 "," 9,175,413,621.16 "," 217,756,734,486.74 "
2022-03-14T04:00:00.000+07:00," 22,688,282,901.74 "," 9,079,696,525.44 "," 207,317,130,854.34 "
2022-03-14T04:15:00.000+07:00," 22,819,822,845.30 "," 9,029,758,664.69 "," 199,002,456,750.95 "
2022-03-14T04:30:00.000+07:00," 23,722,243,576.22 "," 8,890,470,657.25 "," 193,181,284,001.99 "
2022-03-14T04:45:00.000+07:00," 25,338,269,028.36 "," 8,874,770,661.19 "," 187,180,892,637.52 "
2022-03-14T05:00:00.000+07:00," 28,651,202,868.62 "," 8,271,841,554.50 "," 187,766,009,864.45 "
2022-03-14T05:15:00.000+07:00," 31,393,866,796.56 "," 8,553,575,007.17 "," 192,074,079,991.45 "
2022-03-14T05:30:00.000+07:00," 36,337,002,260.27 "," 8,469,304,817.15 "," 200,206,458,881.21 "
2022-03-14T05:45:00.000+07:00," 40,984,557,835.08 "," 7,940,607,734.30 "," 212,228,200,279.44 "
2022-03-14T06:00:00.000+07:00," 49,132,179,256.80 "," 8,418,844,856.09 "," 230,327,800,740.60 "
2022-03-14T06:15:00.000+07:00," 55,554,906,238.98 "," 8,867,393,506.89 "," 257,884,850,474.97 "
2022-03-14T06:30:00.000+07:00," 64,249,891,051.66 "," 9,050,154,972.89 "," 299,067,598,269.56 "
2022-03-14T06:45:00.000+07:00," 69,391,019,273.78 "," 9,858,968,962.68 "," 350,433,801,272.33 "
2022-03-14T07:00:00.000+07:00," 74,899,051,020.02 "," 10,282,753,147.18 "," 394,130,709,491.72 "
2022-03-14T07:15:00.000+07:00," 77,120,257,778.24 "," 9,746,938,424.20 "," 438,410,680,200.52 "
2022-03-14T07:30:00.000+07:00," 79,933,553,783.54 "," 10,424,318,629.74 "," 476,512,545,069.41 "
2022-03-14T07:45:00.000+07:00," 81,021,134,612.43 "," 10,776,348,972.20 "," 517,720,179,517.55 "
2022-03-14T08:00:00.000+07:00," 84,779,685,818.92 "," 11,611,778,282.91 "," 561,166,528,025.90 "
2022-03-14T08:15:00.000+07:00," 85,781,898,596.61 "," 12,284,365,427.33 "," 601,951,381,959.08 "
2022-03-14T08:30:00.000+07:00," 87,627,361,323.40 "," 13,117,806,036.25 "," 644,253,597,658.97 "
2022-03-14T08:45:00.000+07:00," 89,316,754,173.88 "," 13,910,845,073.55 "," 688,587,745,566.28 "
2022-03-14T09:00:00.000+07:00," 91,333,905,669.16 "," 15,010,434,787.81 "," 727,631,859,748.87 "
2022-03-14T09:15:00.000+07:00," 92,262,034,014.67 "," 14,891,783,413.22 "," 764,131,734,956.73 "
2022-03-14T09:30:00.000+07:00," 93,206,906,298.83 "," 15,872,345,944.09 "," 791,566,287,388.08 "
2022-03-14T09:45:00.000+07:00," 94,670,863,246.76 "," 15,129,706,503.11 "," 817,517,676,960.66 "
2022-03-14T10:00:00.000+07:00," 96,035,018,961.89 "," 16,067,144,135.18 "," 831,857,835,116.26 "
2022-03-14T10:15:00.000+07:00," 96,468,636,850.06 "," 15,538,004,054.36 "," 852,618,516,501.54 "
2022-03-14T10:30:00.000+07:00," 97,777,801,784.48 "," 15,682,551,593.86 "," 868,192,751,980.35 "
2022-03-14T10:45:00.000+07:00," 98,674,532,203.01 "," 15,975,363,357.04 "," 884,235,731,286.71 "
2022-03-14T11:00:00.000+07:00," 99,563,577,215.35 "," 15,777,955,639.00 "," 893,357,978,710.12 "
2022-03-14T11:15:00.000+07:00," 99,286,851,841.19 "," 16,720,213,767.65 "," 896,702,693,135.87 "
2022-03-14T11:30:00.000+07:00," 100,597,383,535.91 "," 15,778,190,354.98 "," 904,189,624,683.10 "
2022-03-14T11:45:00.000+07:00," 102,344,357,712.44 "," 14,640,152,638.36 "," 911,205,843,796.52 "
2022-03-14T12:00:00.000+07:00," 103,885,664,424.29 "," 15,338,438,876.82 "," 916,866,446,657.70 "
2022-03-14T12:15:00.000+07:00," 105,053,421,835.08 "," 15,371,670,689.40 "," 926,661,749,272.59 "
2022-03-14T12:30:00.000+07:00," 108,063,332,789.23 "," 14,586,692,711.63 "," 929,364,009,735.59 "
2022-03-14T12:45:00.000+07:00," 108,466,921,138.99 "," 15,126,492,695.09 "," 927,015,068,706.97 "
2022-03-14T13:00:00.000+07:00," 106,649,289,827.90 "," 16,122,908,353.59 "," 920,343,903,471.93 "
2022-03-14T13:15:00.000+07:00," 105,601,252,918.62 "," 15,549,293,715.58 "," 928,992,337,811.11 "
2022-03-14T13:30:00.000+07:00," 105,098,718,899.91 "," 14,614,691,097.22 "," 927,400,223,693.56 "
2022-03-14T13:45:00.000+07:00," 105,725,173,533.71 "," 16,048,331,182.55 "," 925,212,155,473.21 "
2022-03-14T14:00:00.000+07:00," 107,375,598,712.07 "," 15,635,177,664.25 "," 924,885,668,258.08 "
2022-03-14T14:15:00.000+07:00," 108,012,312,395.20 "," 16,676,772,438.70 "," 927,574,769,777.86 "
2022-03-14T14:30:00.000+07:00," 107,961,792,057.64 "," 16,234,963,002.36 "," 926,388,469,005.38 "
2022-03-14T14:45:00.000+07:00," 108,623,236,403.13 "," 16,204,459,734.01 "," 925,319,103,142.34 "
2022-03-14T15:00:00.000+07:00," 109,721,435,599.50 "," 16,360,316,486.74 "," 925,255,526,697.64 "
2022-03-14T15:15:00.000+07:00," 110,306,238,275.26 "," 17,043,367,187.27 "," 931,279,494,800.67 "
2022-03-14T15:30:00.000+07:00," 111,195,713,898.35 "," 17,621,835,290.31 "," 930,683,875,664.90 "
2022-03-14T15:45:00.000+07:00," 111,527,509,878.69 "," 17,131,191,548.49 "," 937,572,250,478.66 "
2022-03-14T16:00:00.000+07:00," 110,185,090,316.81 "," 17,240,389,002.44 "," 925,417,057,056.16 "
2022-03-14T16:15:00.000+07:00," 109,935,207,942.91 "," 16,704,993,704.63 "," 929,004,432,752.94 "
2022-03-14T16:30:00.000+07:00," 109,976,261,567.99 "," 15,885,617,846.14 "," 925,163,048,079.53 "
2022-03-14T16:45:00.000+07:00," 109,699,167,773.51 "," 16,826,853,362.32 "," 919,483,199,082.59 "
2022-03-14T17:00:00.000+07:00," 108,476,494,278.61 "," 16,329,274,108.83 "," 905,034,169,920.60 "
2022-03-14T17:15:00.000+07:00," 108,998,733,479.23 "," 15,995,639,057.86 "," 904,062,442,392.32 "
2022-03-14T17:30:00.000+07:00," 110,210,639,702.95 "," 15,911,622,072.70 "," 905,085,240,279.66 "
2022-03-14T17:45:00.000+07:00," 111,787,662,894.46 "," 16,189,215,891.86 "," 910,273,472,580.81 "
2022-03-14T18:00:00.000+07:00," 115,643,316,947.00 "," 16,582,014,797.63 "," 928,048,257,060.76 "
2022-03-14T18:15:00.000+07:00," 119,785,217,930.57 "," 16,573,564,394.89 "," 951,758,397,836.60 "
2022-03-14T18:30:00.000+07:00," 126,565,675,300.18 "," 17,207,737,825.17 "," 984,102,634,330.99 "
2022-03-14T18:45:00.000+07:00," 133,141,637,905.68 "," 18,392,169,759.90 "," 1,029,946,213,411.85 "
2022-03-14T19:00:00.000+07:00," 140,421,161,450.44 "," 18,396,437,283.20 "," 1,059,324,292,812.43 "
2022-03-14T19:15:00.000+07:00," 148,354,547,359.98 "," 19,938,184,472.59 "," 1,096,794,903,717.04 "
2022-03-14T19:30:00.000+07:00," 155,549,305,706.73 "," 19,705,270,507.13 "," 1,120,344,667,677.99 "
2022-03-14T19:45:00.000+07:00," 162,575,542,338.28 "," 20,460,422,385.47 "," 1,136,515,943,456.28 "
2022-03-14T20:00:00.000+07:00," 152,830,275,211.44 "," 19,163,203,148.33 "," 1,061,959,111,800.16 "
2022-03-14T20:15:00.000+07:00," 177,651,620,785.21 "," 20,674,818,347.88 "," 1,191,145,646,106.84 "
2022-03-14T20:30:00.000+07:00," 177,910,029,206.80 "," 21,241,885,398.86 "," 1,162,861,999,658.88 "
2022-03-14T20:45:00.000+07:00," 177,137,194,857.99 "," 20,763,515,049.73 "," 1,132,912,675,944.24 "
2022-03-14T21:00:00.000+07:00," 147,167,013,208.85 "," 18,040,658,871.96 "," 930,844,498,426.88 "
2022-03-14T21:15:00.000+07:00," 177,110,155,309.90 "," 20,933,870,458.76 "," 1,076,564,068,826.96 "
2022-03-14T21:30:00.000+07:00," 172,900,666,980.36 "," 21,872,267,884.31 "," 1,051,262,765,842.68 "
2022-03-14T21:45:00.000+07:00," 168,110,527,270.68 "," 20,540,556,126.33 "," 1,024,728,627,698.48 "
2022-03-14T22:00:00.000+07:00," 126,110,474,595.97 "," 16,789,330,536.57 "," 781,995,151,727.28 "
2022-03-14T22:15:00.000+07:00," 150,872,034,737.47 "," 20,006,910,161.11 "," 945,036,060,979.22 "
2022-03-14T22:30:00.000+07:00," 141,777,623,160.81 "," 18,780,171,818.90 "," 911,658,629,886.57 "
2022-03-14T22:45:00.000+07:00," 134,059,139,885.08 "," 18,272,140,893.79 "," 878,485,272,712.38 "
2022-03-14T23:00:00.000+07:00," 118,460,809,848.76 "," 16,479,023,157.89 "," 808,034,779,469.42 "
2022-03-14T23:15:00.000+07:00," 109,247,018,668.01 "," 17,003,577,562.42 "," 792,337,058,336.50 "
2022-03-14T23:30:00.000+07:00," 98,161,739,828.20 "," 16,633,275,335.19 "," 742,318,548,455.32 "
2022-03-14T23:45:00.000+07:00," 88,369,244,292.38 "," 15,376,948,440.19 "," 688,539,138,156.58 "
2022-03-15T00:00:00.000+07:00," 80,216,582,859.38 "," 15,042,946,528.48 "," 628,843,696,365.28 "
2022-03-15T00:15:00.000+07:00," 70,747,704,694.42 "," 14,471,435,884.94 "," 578,828,248,744.54 "
2022-03-15T00:30:00.000+07:00," 64,376,487,480.24 "," 13,362,256,046.54 "," 532,813,019,710.71 "
2022-03-15T00:45:00.000+07:00," 57,782,571,927.31 "," 12,748,979,218.16 "," 488,764,382,312.67 "
2022-03-15T01:00:00.000+07:00," 51,506,753,332.77 "," 12,396,341,160.37 "," 448,663,248,764.40 "
2022-03-15T01:15:00.000+07:00," 46,014,522,324.63 "," 11,408,467,178.29 "," 418,592,588,376.29 "
2022-03-15T01:30:00.000+07:00," 41,504,299,904.59 "," 10,908,569,571.24 "," 387,930,583,769.68 "
2022-03-15T01:45:00.000+07:00," 37,906,752,268.35 "," 10,695,046,588.88 "," 360,200,664,927.65 "
2022-03-15T02:00:00.000+07:00," 34,887,312,117.63 "," 12,211,957,821.80 "," 334,617,402,860.03 "
2022-03-15T02:15:00.000+07:00," 32,096,599,752.48 "," 11,770,310,362.17 "," 309,694,302,055.86 "
2022-03-15T02:30:00.000+07:00," 29,423,983,350.03 "," 11,523,270,797.42 "," 289,163,974,123.86 "
2022-03-15T02:45:00.000+07:00," 26,966,812,884.86 "," 11,770,303,208.57 "," 269,158,583,853.15 "
2022-03-15T03:00:00.000+07:00," 25,619,008,761.48 "," 10,507,766,735.72 "," 250,450,815,324.52 "
2022-03-15T03:15:00.000+07:00," 24,266,865,783.44 "," 10,251,209,118.45 "," 232,767,920,506.12 "
2022-03-15T03:30:00.000+07:00," 23,038,128,886.44 "," 10,755,917,761.48 "," 217,314,744,632.46 "
2022-03-15T03:45:00.000+07:00," 22,817,076,990.33 "," 10,295,827,152.53 "," 206,153,383,600.60 "
2022-03-15T04:00:00.000+07:00," 22,504,366,897.08 "," 10,190,481,698.94 "," 195,663,668,648.81 "
2022-03-15T04:15:00.000+07:00," 22,446,946,723.49 "," 9,447,526,601.36 "," 186,894,745,473.05 "
2022-03-15T04:30:00.000+07:00," 23,380,670,957.97 "," 10,013,048,938.53 "," 180,770,035,473.64 "
2022-03-15T04:45:00.000+07:00," 25,426,743,867.37 "," 10,680,222,848.20 "," 179,205,224,473.95 "
2022-03-15T05:00:00.000+07:00," 28,762,950,495.88 "," 9,367,880,088.10 "," 183,556,970,992.77 "
2022-03-15T05:15:00.000+07:00," 31,385,239,049.71 "," 8,815,406,327.41 "," 188,473,011,482.62 "
2022-03-15T05:30:00.000+07:00," 35,763,308,211.65 "," 9,201,312,506.54 "," 196,838,916,455.76 "
2022-03-15T05:45:00.000+07:00," 40,517,892,650.56 "," 9,001,700,661.32 "," 209,998,040,555.36 "
2022-03-15T06:00:00.000+07:00," 48,457,618,804.27 "," 10,085,997,369.81 "," 225,894,783,542.57 "
2022-03-15T06:15:00.000+07:00," 54,466,840,818.44 "," 10,698,127,229.58 "," 254,622,440,708.88 "
2022-03-15T06:30:00.000+07:00," 62,441,025,229.58 "," 10,947,917,567.56 "," 294,798,165,089.12 "
2022-03-15T06:45:00.000+07:00," 68,043,707,378.81 "," 11,315,180,648.01 "," 343,069,194,100.88 "
2022-03-15T07:00:00.000+07:00," 73,776,925,001.20 "," 12,120,071,455.02 "," 390,163,084,024.06 "
2022-03-15T07:15:00.000+07:00," 74,917,836,727.67 "," 11,846,360,938.90 "," 434,066,195,983.93 "
2022-03-15T07:30:00.000+07:00," 77,502,745,160.13 "," 11,520,816,474.01 "," 473,345,484,928.44 "
2022-03-15T07:45:00.000+07:00," 78,902,875,845.68 "," 11,757,901,359.37 "," 512,681,276,705.39 "
2022-03-15T08:00:00.000+07:00," 81,619,827,850.67 "," 12,528,204,761.41 "," 552,720,841,897.18 "
2022-03-15T08:15:00.000+07:00," 83,238,807,947.24 "," 13,661,346,542.05 "," 594,373,509,529.97 "
2022-03-15T08:30:00.000+07:00," 85,600,285,902.52 "," 15,339,051,614.15 "," 633,271,747,967.50 "
2022-03-15T08:45:00.000+07:00," 86,781,540,968.83 "," 14,755,815,929.60 "," 677,063,889,860.04 "
2022-03-15T09:00:00.000+07:00," 89,064,236,342.30 "," 14,822,679,033.26 "," 711,131,131,234.52 "
2022-03-15T09:15:00.000+07:00," 89,652,888,424.79 "," 15,011,277,975.07 "," 745,063,571,798.88 "
2022-03-15T09:30:00.000+07:00," 91,693,461,238.43 "," 14,582,807,528.60 "," 772,212,774,627.35 "
2022-03-15T09:45:00.000+07:00," 92,668,475,367.26 "," 15,589,010,312.39 "," 800,747,763,263.02 "
2022-03-15T10:00:00.000+07:00," 94,356,589,852.51 "," 16,386,414,936.95 "," 814,535,317,383.52 "
2022-03-15T10:15:00.000+07:00," 94,832,013,549.05 "," 16,340,251,662.45 "," 831,424,442,415.82 "
2022-03-15T10:30:00.000+07:00," 97,088,482,406.04 "," 17,259,182,165.36 "," 848,803,382,271.53 "
2022-03-15T10:45:00.000+07:00," 98,390,715,574.42 "," 16,214,363,083.92 "," 863,691,329,161.04 "
2022-03-15T11:00:00.000+07:00," 99,969,389,391.16 "," 16,682,028,601.88 "," 869,034,293,413.85 "
2022-03-15T11:15:00.000+07:00," 100,538,646,711.72 "," 17,500,630,079.12 "," 872,226,647,009.37 "
2022-03-15T11:30:00.000+07:00," 102,064,806,770.69 "," 17,460,419,741.97 "," 877,499,251,979.51 "
2022-03-15T11:45:00.000+07:00," 103,206,421,867.98 "," 17,030,220,700.69 "," 882,996,251,714.70 "
2022-03-15T12:00:00.000+07:00," 104,263,770,380.24 "," 16,188,287,172.83 "," 887,553,243,643.32 "
2022-03-15T12:15:00.000+07:00," 106,235,895,536.70 "," 15,872,777,573.10 "," 896,001,200,444.57 "
2022-03-15T12:30:00.000+07:00," 108,456,857,460.42 "," 16,427,067,827.32 "," 900,799,630,696.41 "
2022-03-15T12:45:00.000+07:00," 109,289,679,601.41 "," 16,347,777,904.49 "," 901,594,365,876.76 "
2022-03-15T13:00:00.000+07:00," 106,999,010,277.15 "," 16,915,723,743.35 "," 894,889,908,063.95 "
2022-03-15T13:15:00.000+07:00," 105,042,459,343.00 "," 17,914,646,295.80 "," 894,964,030,890.18 "
2022-03-15T13:30:00.000+07:00," 106,117,584,208.49 "," 18,720,219,348.74 "," 899,378,970,409.71 "
2022-03-15T13:45:00.000+07:00," 106,821,004,424.90 "," 18,850,346,070.99 "," 902,200,175,337.02 "
2022-03-15T14:00:00.000+07:00," 108,046,370,617.78 "," 18,967,854,390.20 "," 900,558,819,870.66 "
2022-03-15T14:15:00.000+07:00," 107,577,153,565.50 "," 18,594,218,733.15 "," 903,274,435,862.91 "
2022-03-15T14:30:00.000+07:00," 106,694,018,153.89 "," 18,829,536,530.12 "," 902,561,171,087.72 "
2022-03-15T14:45:00.000+07:00," 106,459,816,092.56 "," 19,207,940,737.04 "," 906,475,056,154.94 "
2022-03-15T15:00:00.000+07:00," 106,327,758,801.50 "," 18,105,005,162.67 "," 908,446,651,674.72 "
2022-03-15T15:15:00.000+07:00," 108,268,142,692.10 "," 17,671,945,220.92 "," 900,016,587,144.29 "
2022-03-15T15:30:00.000+07:00," 109,631,563,700.39 "," 17,496,075,196.95 "," 908,963,600,579.77 "
2022-03-15T15:45:00.000+07:00," 110,453,262,151.78 "," 18,291,776,095.26 "," 916,259,096,035.67 "
2022-03-15T16:00:00.000+07:00," 110,709,239,581.48 "," 17,764,018,753.93 "," 917,917,759,990.30 "
2022-03-15T16:15:00.000+07:00," 110,566,690,061.21 "," 17,986,862,581.65 "," 922,074,892,156.53 "
2022-03-15T16:30:00.000+07:00," 110,257,000,427.53 "," 17,383,396,224.92 "," 916,733,028,302.95 "
2022-03-15T16:45:00.000+07:00," 110,042,017,111.17 "," 17,902,880,384.34 "," 911,371,772,506.81 "
2022-03-15T17:00:00.000+07:00," 108,872,589,199.04 "," 17,736,760,630.80 "," 896,393,933,357.55 "
2022-03-15T17:15:00.000+07:00," 109,083,983,805.09 "," 17,137,656,459.64 "," 897,046,417,691.89 "
2022-03-15T17:30:00.000+07:00," 109,875,316,394.45 "," 18,605,793,257.55 "," 896,312,177,307.74 "
2022-03-15T17:45:00.000+07:00," 111,927,844,545.05 "," 17,921,551,918.43 "," 900,042,958,827.08 "
2022-03-15T18:00:00.000+07:00," 114,349,569,884.92 "," 17,932,636,013.79 "," 913,291,373,515.33 "
2022-03-15T18:15:00.000+07:00," 118,260,906,051.40 "," 17,490,571,649.96 "," 934,760,000,795.46 "
2022-03-15T18:30:00.000+07:00," 124,776,160,792.91 "," 18,763,731,607.63 "," 967,927,990,371.83 "
2022-03-15T18:45:00.000+07:00," 131,959,625,835.64 "," 18,579,607,266.86 "," 1,006,169,664,947.84 "
2022-03-15T19:00:00.000+07:00," 139,151,249,097.93 "," 19,161,006,041.26 "," 1,035,682,372,201.39 "
2022-03-15T19:15:00.000+07:00," 148,455,908,857.25 "," 19,316,492,303.05 "," 1,074,382,839,865.57 "
2022-03-15T19:30:00.000+07:00," 156,686,140,741.91 "," 19,567,499,734.25 "," 1,104,578,708,601.89 "
2022-03-15T19:45:00.000+07:00," 164,172,672,767.04 "," 19,135,090,386.20 "," 1,123,403,078,244.17 "
2022-03-15T20:00:00.000+07:00," 169,658,871,312.36 "," 18,758,951,349.86 "," 1,123,870,802,364.12 "
2022-03-15T20:15:00.000+07:00," 181,525,079,199.08 "," 20,078,128,937.12 "," 1,172,563,053,429.76 "
2022-03-15T20:30:00.000+07:00," 183,336,173,456.65 "," 20,614,709,897.38 "," 1,152,644,055,158.78 "
2022-03-15T20:45:00.000+07:00," 182,154,017,025.63 "," 20,176,337,881.65 "," 1,123,679,252,453.46 "
2022-03-15T21:00:00.000+07:00," 149,946,625,092.77 "," 18,076,268,303.53 "," 912,670,517,213.11 "
2022-03-15T21:15:00.000+07:00," 179,552,200,006.92 "," 20,100,345,232.36 "," 1,064,242,617,764.41 "
2022-03-15T21:30:00.000+07:00," 177,553,181,205.60 "," 21,256,875,335.20 "," 1,037,761,265,798.38 "
2022-03-15T21:45:00.000+07:00," 172,389,709,949.29 "," 20,902,503,364.45 "," 1,005,819,445,970.93 "
2022-03-15T22:00:00.000+07:00," 133,144,583,512.45 "," 16,710,014,581.66 "," 784,119,330,521.71 "
2022-03-15T22:15:00.000+07:00," 155,377,109,431.07 "," 20,583,065,287.61 "," 924,349,620,464.77 "
2022-03-15T22:30:00.000+07:00," 146,638,087,081.63 "," 20,126,047,582.10 "," 892,847,243,571.28 "
2022-03-15T22:45:00.000+07:00," 138,559,926,717.56 "," 18,726,472,712.60 "," 872,146,398,352.45 "
2022-03-15T23:00:00.000+07:00," 118,815,994,270.96 "," 16,795,143,248.14 "," 777,460,055,196.64 "
2022-03-15T23:15:00.000+07:00," 114,395,978,023.15 "," 17,214,352,470.12 "," 795,456,494,340.08 "
2022-03-15T23:30:00.000+07:00," 103,100,427,197.11 "," 16,310,499,621.78 "," 749,152,749,993.81 "
2022-03-15T23:45:00.000+07:00," 91,915,978,736.24 "," 15,054,068,290.10 "," 694,572,141,411.58 "
2022-03-16T00:00:00.000+07:00," 84,784,038,862.00 "," 14,887,021,155.50 "," 633,420,152,831.00 "
2022-03-16T00:15:00.000+07:00," 74,070,267,990.34 "," 14,538,463,621.58 "," 586,032,429,883.56 "
2022-03-16T00:30:00.000+07:00," 62,739,766,135.65 "," 13,453,971,274.71 "," 543,374,727,336.23 "
2022-03-16T00:45:00.000+07:00," 54,213,601,256.20 "," 13,599,223,184.25 "," 502,481,132,812.36 "
2022-03-16T01:00:00.000+07:00," 50,040,654,539.58 "," 12,929,903,024.26 "," 457,695,792,027.38 "
2022-03-16T01:15:00.000+07:00," 46,268,325,632.13 "," 11,663,516,250.03 "," 406,911,094,836.75 "
2022-03-16T01:30:00.000+07:00," 42,447,710,186.36 "," 11,609,253,737.73 "," 378,508,732,957.00 "
2022-03-16T01:45:00.000+07:00," 38,661,262,237.59 "," 10,427,826,081.64 "," 349,936,111,770.75 "
2022-03-16T02:00:00.000+07:00," 35,438,257,092.50 "," 11,964,250,228.17 "," 327,088,787,768.47 "
2022-03-16T02:15:00.000+07:00," 32,657,351,866.89 "," 11,168,125,367.21 "," 304,310,456,045.15 "
2022-03-16T02:30:00.000+07:00," 30,138,830,437.56 "," 10,703,647,424.49 "," 284,727,886,290.07 "
2022-03-16T02:45:00.000+07:00," 28,107,250,805.22 "," 11,599,876,653.48 "," 263,792,607,715.18 "
2022-03-16T03:00:00.000+07:00," 26,055,352,323.23 "," 11,132,987,154.28 "," 237,548,735,135.09 "
2022-03-16T03:15:00.000+07:00," 24,152,598,598.41 "," 10,534,995,817.03 "," 219,706,744,921.56 "
2022-03-16T03:30:00.000+07:00," 23,217,837,711.00 "," 9,867,504,003.76 "," 205,795,523,085.42 "
2022-03-16T03:45:00.000+07:00," 24,698,930,181.88 "," 10,032,255,122.92 "," 199,851,286,086.89 "
2022-03-16T04:00:00.000+07:00," 23,367,307,914.87 "," 9,700,546,554.94 "," 189,522,188,716.19 "
2022-03-16T04:15:00.000+07:00," 22,475,609,767.78 "," 9,203,668,799.92 "," 177,365,879,734.56 "
2022-03-16T04:30:00.000+07:00," 23,350,406,019.12 "," 9,298,415,896.77 "," 171,645,064,951.35 "
2022-03-16T04:45:00.000+07:00," 26,187,094,234.44 "," 9,220,919,784.75 "," 171,455,209,285.42 "
2022-03-16T05:00:00.000+07:00," 29,961,665,715.56 "," 8,162,766,923.97 "," 181,320,846,840.73 "
2022-03-16T05:15:00.000+07:00," 31,911,052,051.14 "," 7,985,155,129.77 "," 186,059,313,435.29 "
2022-03-16T05:30:00.000+07:00," 36,222,471,653.34 "," 8,000,891,375.50 "," 195,478,106,037.71 "
2022-03-16T05:45:00.000+07:00," 40,717,368,821.81 "," 7,949,410,952.97 "," 206,575,490,627.32 "
2022-03-16T06:00:00.000+07:00," 48,111,702,851.92 "," 8,543,171,129.25 "," 221,878,911,188.85 "
2022-03-16T06:15:00.000+07:00," 54,598,660,561.66 "," 8,377,471,021.18 "," 248,590,930,149.73 "
2022-03-16T06:30:00.000+07:00," 62,745,955,349.47 "," 8,955,015,012.52 "," 289,141,562,666.86 "
2022-03-16T06:45:00.000+07:00," 67,955,602,083.53 "," 9,131,483,908.21 "," 329,474,313,996.61 "
2022-03-16T07:00:00.000+07:00," 73,631,628,572.36 "," 9,961,773,864.34 "," 375,597,590,884.38 "
2022-03-16T07:15:00.000+07:00," 75,635,393,716.86 "," 9,853,629,718.76 "," 425,514,311,199.95 "
2022-03-16T07:30:00.000+07:00," 78,130,368,673.40 "," 10,263,430,492.49 "," 462,174,013,134.45 "
2022-03-16T07:45:00.000+07:00," 79,360,930,173.16 "," 10,897,981,975.08 "," 497,251,061,195.64 "
2022-03-16T08:00:00.000+07:00," 81,881,517,142.39 "," 12,253,826,808.15 "," 533,565,550,200.72 "
2022-03-16T08:15:00.000+07:00," 83,037,403,105.95 "," 12,675,180,294.19 "," 572,067,685,690.20 "
2022-03-16T08:30:00.000+07:00," 87,128,270,232.56 "," 12,600,049,069.81 "," 611,301,760,732.86 "
2022-03-16T08:45:00.000+07:00," 88,822,724,037.85 "," 13,173,373,271.61 "," 656,477,506,065.60 "
2022-03-16T09:00:00.000+07:00," 91,894,303,203.21 "," 14,659,178,297.13 "," 691,085,744,082.37 "
2022-03-16T09:15:00.000+07:00," 92,504,377,347.10 "," 13,930,252,928.65 "," 727,418,138,089.43 "
2022-03-16T09:30:00.000+07:00," 94,948,941,022.08 "," 14,114,605,466.83 "," 751,605,080,403.40 "
2022-03-16T09:45:00.000+07:00," 96,146,193,807.87 "," 14,240,607,943.51 "," 775,570,493,103.80 "
2022-03-16T10:00:00.000+07:00," 97,616,413,461.96 "," 15,974,907,126.45 "," 789,218,202,702.36 "
2022-03-16T10:15:00.000+07:00," 98,160,007,457.68 "," 15,676,514,757.52 "," 802,884,802,336.67 "
2022-03-16T10:30:00.000+07:00," 100,277,312,979.57 "," 16,332,291,450.36 "," 820,466,189,322.84 "
2022-03-16T10:45:00.000+07:00," 101,147,236,260.57 "," 15,388,056,201.99 "," 834,329,459,320.12 "
2022-03-16T11:00:00.000+07:00," 103,132,659,589.37 "," 16,468,679,246.10 "," 842,434,138,092.65 "
2022-03-16T11:15:00.000+07:00," 103,783,283,099.35 "," 15,807,171,523.05 "," 848,858,213,656.58 "
2022-03-16T11:30:00.000+07:00," 105,129,987,241.40 "," 16,107,044,363.60 "," 854,990,328,659.09 "
2022-03-16T11:45:00.000+07:00," 105,816,551,670.70 "," 15,701,841,854.84 "," 862,000,276,625.28 "
2022-03-16T12:00:00.000+07:00," 107,492,296,951.76 "," 14,739,004,653.07 "," 866,450,379,534.97 "
2022-03-16T12:15:00.000+07:00," 72,558,309,108.87 "," 9,684,075,849.79 "," 581,695,059,380.11 "
