Time,Facebook,Google,YouTube
2022-03-09 12:15:00,34037306039.46,5402610999.64,281532901021.45
2022-03-09 12:30:00,103892783959.37,16841214763.25,842164664075.28
2022-03-09 12:45:00,105542943393.85,16601004197.19,838938974960.16
2022-03-09 13:00:00,103717432879.43,16759933259.30,831033253541.21
2022-03-09 13:15:00,102930769924.47,16977243008.84,839212542032.33
2022-03-09 13:30:00,101179361483.19,17443531752.97,851533731054.87
2022-03-09 13:45:00,101071258346.02,16072185388.97,850289914866.00
2022-03-09 14:00:00,101635655612.55,15485062912.29,851581754045.72
2022-03-09 14:15:00,102314804000.36,17372787094.15,854033426266.92
2022-03-09 14:30:00,103306857060.21,16570357152.39,853368080282.31
2022-03-09 14:45:00,104391220616.23,16793137228.88,853498928338.44
2022-03-09 15:00:00,105310507520.16,17469289416.65,856109127263.69
2022-03-09 15:15:00,105380135095.34,16483996146.45,854595779840.93
2022-03-09 15:30:00,106276750244.28,16134705710.12,857775403435.38
2022-03-09 15:45:00,107315237854.29,16452369037.68,870132203533.90
2022-03-09 16:00:00,108273943610.14,16301347259.74,875117090418.91
2022-03-09 16:15:00,108286484513.70,16221790672.43,875939507346.06
2022-03-09 16:30:00,107684788649.29,16278610257.90,869567330610.30
2022-03-09 16:45:00,107238373203.87,16782688689.62,869769193860.37
2022-03-09 17:00:00,106746502036.63,16192967384.99,864456944450.24
2022-03-09 17:15:00,106509914280.25,16836848893.60,861480945694.28
2022-03-09 17:30:00,106512188114.34,16132711069.44,864712048181.64
2022-03-09 17:45:00,108707320482.16,16669669595.06,868238655339.70
2022-03-09 18:00:00,110779475759.51,17059741120.72,879350642002.89
2022-03-09 18:15:00,115092188791.56,16660153087.73,897136708549.67
2022-03-09 18:30:00,120813184636.44,18135997595.19,925667771562.06
2022-03-09 18:45:00,128885488905.88,17501952543.98,963136120419.86
2022-03-09 19:00:00,138359558848.26,19265598662.52,1001246309410.48
2022-03-09 19:15:00,147127134296.60,19454661866.33,1035647784920.47
2022-03-09 19:30:00,154694697972.44,18956973349.08,1060065881910.49
2022-03-09 19:45:00,162098499031.47,18836166288.83,1077743001972.81
2022-03-09 20:00:00,165814006065.98,19420581810.98,1091448356334.39
2022-03-09 20:15:00,178820388557.56,19821873021.20,1120152507943.91
2022-03-09 20:30:00,178764961205.60,19156547603.62,1105357519970.29
2022-03-09 20:45:00,181307158453.22,19072911626.76,1084284338971.67
2022-03-09 21:00:00,161866223765.99,19295179300.99,958820439277.51
2022-03-09 21:15:00,183988292714.05,21862409296.93,1047345025303.06
2022-03-09 21:30:00,182761621367.72,21754257246.03,1023900623273.87
2022-03-09 21:45:00,174663476881.90,20800639421.81,992973290624.41
2022-03-09 22:00:00,139272425745.59,17454007239.01,816990056630.32
2022-03-09 22:15:00,154484041238.68,18613278793.32,921262940965.83
2022-03-09 22:30:00,144695737187.97,18430737058.85,882761974095.69
2022-03-09 22:45:00,132413560607.00,18516893769.39,853107580926.41
2022-03-09 23:00:00,113280560482.62,16514966818.38,751890542800.60
2022-03-09 23:15:00,108634533390.30,17140368664.76,774843494894.52
2022-03-09 23:30:00,98398824026.93,15182466649.73,728420014449.20
2022-03-09 23:45:00,88088067499.83,14695761220.68,680924901949.51
2022-03-10 00:00:00,80873979440.90,14380523527.95,631346786984.63
2022-03-10 00:15:00,70060050747.11,12317490230.83,578951910074.36
2022-03-10 00:30:00,62080326659.79,12315101810.80,532805977097.49
2022-03-10 00:45:00,55022198750.31,11633900638.71,482693977529.25
2022-03-10 01:00:00,48666462013.75,10927293235.13,439688540833.94
2022-03-10 01:15:00,43060406608.36,10549661642.40,406260840616.04
2022-03-10 01:30:00,38948227982.83,9992017410.20,377060875505.75
2022-03-10 01:45:00,34858370177.29,9879129260.57,349279836655.56
2022-03-10 02:00:00,33496445255.57,10742458607.22,326140947330.51
2022-03-10 02:15:00,31523436987.71,10916606529.25,305692091818.06
2022-03-10 02:30:00,29331742687.85,10584278228.68,286710702189.57
2022-03-10 02:45:00,26400029904.44,10701975490.12,263643397031.20
2022-03-10 03:00:00,22103043229.28,8933063676.21,215735561390.23
2022-03-10 03:15:00,22316720598.56,9565973622.11,222184350615.24
2022-03-10 03:30:00,21293095252.60,8884903007.34,213294543543.32
2022-03-10 03:45:00,21310420590.08,8845742621.30,204142709241.17
2022-03-10 04:00:00,20867114416.85,8899864021.08,194281050904.73
2022-03-10 04:15:00,20506666069.98,9241560764.91,183968985252.05
2022-03-10 04:30:00,21548488588.26,9538562046.92,177626121247.33
2022-03-10 04:45:00,23455108709.50,9589442753.53,176009556188.02
2022-03-10 05:00:00,27383786791.85,7979541080.04,182235640732.12
2022-03-10 05:15:00,30242929375.26,7399625161.33,188122870623.55
2022-03-10 05:30:00,34799129470.44,7757286973.54,196764624377.96
2022-03-10 05:45:00,38967942307.85,7998725410.50,210986746225.36
2022-03-10 06:00:00,46473653446.61,8430696265.63,229054643307.55
2022-03-10 06:15:00,51929808580.79,9311587659.48,255219974698.17
2022-03-10 06:30:00,59095216514.56,9122637046.58,297209803272.88
2022-03-10 06:45:00,63825932147.76,9641432674.72,340140558748.70
2022-03-10 07:00:00,68957869852.25,9740969024.73,384940009178.54
2022-03-10 07:15:00,70837112593.63,9715692263.59,424381981885.97
2022-03-10 07:30:00,72177902413.73,10371555630.17,457274721813.12
2022-03-10 07:45:00,73845183630.50,11091920764.79,494002209666.00
2022-03-10 08:00:00,76634704952.96,12401453193.32,530820414332.61
2022-03-10 08:15:00,78656021142.20,12440307648.85,568875185463.48
2022-03-10 08:30:00,80946663158.59,13076794322.36,602356785311.72
2022-03-10 08:45:00,83178933434.62,13764827853.96,641651606216.35
2022-03-10 09:00:00,86086067032.51,14422324006.70,674815335511.18
2022-03-10 09:15:00,88059841574.98,14814596317.42,713191061139.39
2022-03-10 09:30:00,89983681381.75,15212401968.31,734177355327.86
2022-03-10 09:45:00,90991872835.68,15996853173.87,753785557818.73
2022-03-10 10:00:00,92436222995.29,16349101604.68,767478813289.90
2022-03-10 10:15:00,94153459066.21,16080268019.77,783014827830.89
2022-03-10 10:30:00,96109439283.88,16132477281.81,800284574819.57
2022-03-10 10:45:00,97329448997.81,15075744585.04,813300498048.78
2022-03-10 11:00:00,98052423518.77,15805361475.26,819536038414.01
2022-03-10 11:15:00,98238685086.35,16367057074.26,822400803099.37
2022-03-10 11:30:00,99625251673.57,16065197966.60,826032481537.42
2022-03-10 11:45:00,101442704767.73,16221508894.19,832491518627.29
2022-03-10 12:00:00,101824479674.46,15883609447.49,827198045147.64
2022-03-10 12:15:00,105506537018.49,15321264200.64,847439573156.60
2022-03-10 12:30:00,108557115037.03,15210199643.64,849613841176.05
2022-03-10 12:45:00,109296049987.07,14834375511.75,847423320281.95
2022-03-10 13:00:00,107149530644.53,15119441460.52,829341993251.30
2022-03-10 13:15:00,108955099417.79,15302452210.86,847875894553.00
2022-03-10 13:30:00,109085460494.81,15704523844.92,851480851522.56
2022-03-10 13:45:00,108357606951.03,16607764734.10,849765761813.63
2022-03-10 14:00:00,103527013672.25,14988058071.97,816008168991.40
2022-03-10 14:15:00,108230969984.83,15062610256.00,848476260215.61
2022-03-10 14:30:00,108662267615.96,15473739797.84,855094286759.40
2022-03-10 14:45:00,109238214821.21,16299573705.74,850976200203.32
2022-03-10 15:00:00,108659066945.67,16209794046.67,834706908051.53
2022-03-10 15:15:00,111329235472.95,15896542102.23,856510889000.11
2022-03-10 15:30:00,112235880405.11,15983255177.90,859960326398.09
2022-03-10 15:45:00,112891008966.69,15927370894.16,862942871695.24
2022-03-10 16:00:00,111519608572.76,15638961319.95,847344096907.40
2022-03-10 16:15:00,112452236478.90,16260480953.92,879860933453.27
2022-03-10 16:30:00,112534303229.99,16644721435.46,879079567120.71
2022-03-10 16:45:00,111660785904.50,16125277073.96,871327206703.42
2022-03-10 17:00:00,85666275177.91,13290025068.20,684584055004.85
2022-03-10 17:15:00,108776016615.25,15668636141.72,855747762517.87
2022-03-10 17:30:00,109344249549.18,14853485857.65,852061163109.41
2022-03-10 17:45:00,110448849015.96,16273418138.12,852338148216.96
2022-03-10 18:00:00,111482489031.19,15803055654.85,846509407864.00
2022-03-10 18:15:00,116590885631.82,15932872326.33,883320343011.08
2022-03-10 18:30:00,123179247319.73,15941471058.60,916445232939.48
2022-03-10 18:45:00,131433056892.36,16154380002.77,957876752242.80
2022-03-10 19:00:00,139011562758.79,16697265513.02,991075975238.54
2022-03-10 19:15:00,150461807586.14,17907190199.01,1029227663667.39
2022-03-10 19:30:00,159679016229.03,17537859601.89,1064246024324.96
2022-03-10 19:45:00,169505425103.52,18963839936.75,1082613672956.47
2022-03-10 20:00:00,172032283122.48,19083014437.60,1093386348684.23
2022-03-10 20:15:00,184876918733.60,18888685530.21,1127960538232.72
2022-03-10 20:30:00,184401927557.42,19367536525.58,1097415377261.16
2022-03-10 20:45:00,185164101283.98,20118298728.76,1073213326184.85
2022-03-10 21:00:00,166823610009.04,17942802302.65,958014561846.37
2022-03-10 21:15:00,184300973637.91,18539079429.00,1028063002227.44
2022-03-10 21:30:00,182140847417.63,19285668429.75,1005137398125.61
2022-03-10 21:45:00,180546291314.70,17823215250.84,975165301683.43
2022-03-10 22:00:00,150528618898.13,16980874150.10,848161400341.50
2022-03-10 22:15:00,160389411815.00,18541945908.50,909683528025.10
2022-03-10 22:30:00,149665356175.63,17343021773.98,876758198951.04
2022-03-10 22:45:00,140581524740.75,17393015637.04,841462886312.81
2022-03-10 23:00:00,122010080561.00,15895035140.67,744043739415.13
2022-03-10 23:15:00,115693925191.19,15555954963.79,767794822048.20
2022-03-10 23:30:00,104711216094.03,15364623476.54,726926439173.59
2022-03-10 23:45:00,93974133405.41,14157567981.48,682946026841.94
2022-03-11 00:00:00,83125697541.89,13267038606.30,613430361613.24
2022-03-11 00:15:00,72135989499.85,13119467053.48,572006482104.55
2022-03-11 00:30:00,62357986721.64,12936641519.15,549082842419.85
2022-03-11 00:45:00,54032913914.63,12698489693.56,522262415269.50
2022-03-11 01:00:00,45930037446.17,11619403490.52,489861078244.76
2022-03-11 01:15:00,39184956138.20,11672589382.55,454978758144.73
2022-03-11 01:30:00,35471923862.49,10928657735.96,419879880834.04
2022-03-11 01:45:00,31950029574.91,10690088432.31,383649087911.91
2022-03-11 02:00:00,30162345653.27,12001095139.11,354309863098.76
2022-03-11 02:15:00,28659758206.39,11321154140.59,328188493063.35
2022-03-11 02:30:00,26891606009.62,10894564048.54,304429910358.62
2022-03-11 02:45:00,24774401056.38,10460833612.03,280328126110.97
2022-03-11 03:00:00,23324010260.81,10815183955.63,258942958681.21
2022-03-11 03:15:00,22478418147.05,10146646036.98,243724826994.75
2022-03-11 03:30:00,21515747735.02,9814700081.07,228916069705.54
2022-03-11 03:45:00,20852631194.77,9536777123.63,216522569050.15
2022-03-11 04:00:00,20522653466.44,9269587836.02,205742217525.47
2022-03-11 04:15:00,20751368810.64,9552917523.24,198663636803.91
2022-03-11 04:30:00,21928581758.28,10288311819.91,194382332282.66
2022-03-11 04:45:00,23469166710.32,10257322872.15,191084677353.58
2022-03-11 05:00:00,26742991652.64,9722382195.45,192635752427.70
2022-03-11 05:15:00,29687550663.37,9132452718.08,197988723847.36
2022-03-11 05:30:00,33925694179.88,9116091150.30,207909853368.89
2022-03-11 05:45:00,38415695092.44,9070087663.77,221854093642.40
2022-03-11 06:00:00,45898740361.16,9934864952.60,240864471176.92
2022-03-11 06:15:00,51518191096.17,10252019516.09,271225925700.12
2022-03-11 06:30:00,58831068625.40,10618711440.92,312920751253.42
2022-03-11 06:45:00,63692190863.72,10980317927.64,362026658897.76
2022-03-11 07:00:00,68830787317.62,11758203289.24,411774516137.03
2022-03-11 07:15:00,70564888349.29,12527002572.10,458220641482.06
2022-03-11 07:30:00,72145311366.45,12434368146.44,497658397462.15
2022-03-11 07:45:00,73355035621.81,13389709751.78,535401283706.02
2022-03-11 08:00:00,76343579093.44,14119864323.96,575125598694.28
2022-03-11 08:15:00,78047733425.64,14023151997.62,614767182844.12
2022-03-11 08:30:00,80356944538.12,15436034562.20,657280616820.33
2022-03-11 08:45:00,82231268376.13,14809848911.26,699850384084.29
2022-03-11 09:00:00,84383220037.45,16335070057.96,734984671161.69
2022-03-11 09:15:00,85428916724.98,16660919596.13,772621645276.66
2022-03-11 09:30:00,86600567924.44,16593260462.74,796051316376.37
2022-03-11 09:45:00,87927700067.72,16805207224.84,818573843729.14
2022-03-11 10:00:00,103402834532.10,17191972950.01,835726759579.72
2022-03-11 10:15:00,111217680702.87,17417199873.62,852589633816.40
2022-03-11 10:30:00,112435813181.28,16599376114.58,869436704741.19
2022-03-11 10:45:00,112670357181.40,17593179416.53,885681160607.60
2022-03-11 11:00:00,112821539289.56,18201313275.54,891222150251.35
2022-03-11 11:15:00,112350083723.48,17503558560.24,892766295320.47
2022-03-11 11:30:00,113663314765.24,17605920508.50,899368749863.92
2022-03-11 11:45:00,114675087165.32,17600384202.90,905275855283.25
2022-03-11 12:00:00,116431946220.20,17772538451.92,908670011115.93
2022-03-11 12:15:00,117316717415.18,17543228278.01,917956412229.80
2022-03-11 12:30:00,119185679932.46,16586740985.47,918458745712.34
2022-03-11 12:45:00,118864693172.61,16549783886.28,916097861937.23
2022-03-11 13:00:00,117100970831.86,18544276241.00,913441573695.88
2022-03-11 13:15:00,115387545193.47,18141990150.76,914323710192.24
2022-03-11 13:30:00,114918887362.69,18191629037.79,921954905425.96
2022-03-11 13:45:00,116097151362.90,18052400785.67,920629872536.39
2022-03-11 14:00:00,117078791197.08,17771397348.02,911633618401.50
2022-03-11 14:15:00,117509180976.87,17660508519.80,921346507936.48
2022-03-11 14:30:00,118647610641.58,18748573260.43,918987814159.78
2022-03-11 14:45:00,119454267040.46,19292845140.52,920184502353.00
2022-03-11 15:00:00,119838762043.38,18571416511.27,911411444039.64
2022-03-11 15:15:00,121395472060.70,18998600650.56,930141660090.76
2022-03-11 15:30:00,122214617371.77,18743063515.41,927496107789.42
2022-03-11 15:45:00,123973660864.24,18468524743.13,933547623984.68
2022-03-11 16:00:00,123249952373.24,18739405090.56,925872933749.96
2022-03-11 16:15:00,123107803063.24,17820434951.42,936992451060.74
2022-03-11 16:30:00,123204257181.08,18285772834.30,933922827846.12
2022-03-11 16:45:00,123686713035.38,17586972211.87,922969530525.28
2022-03-11 17:00:00,120474146088.18,18440773565.19,902994972634.84
2022-03-11 17:15:00,123354445249.83,17799666292.03,906189670898.68
2022-03-11 17:30:00,123251098786.85,17491586817.84,906331785969.89
2022-03-11 17:45:00,124659913308.83,17736302244.99,905267510719.30
2022-03-11 18:00:00,128635002249.03,17543356022.53,915462951287.52
2022-03-11 18:15:00,132879378936.30,16753515641.76,941406162451.83
2022-03-11 18:30:00,139374806660.96,17109240669.90,982883303925.08
2022-03-11 18:45:00,146261683382.68,17415908474.98,1025249908716.51
2022-03-11 19:00:00,151839040229.56,17708081897.29,1053738800886.61
2022-03-11 19:15:00,163024512635.46,18339866679.21,1107003848203.60
2022-03-11 19:30:00,168358868067.39,18353851025.83,1137195113438.72
2022-03-11 19:45:00,175152382148.53,19562687782.55,1155196068261.22
2022-03-11 20:00:00,168172592393.58,17318803550.98,1093581080760.21
2022-03-11 20:15:00,189694664007.75,19872605350.33,1207881690305.04
2022-03-11 20:30:00,188474522542.03,19331931834.09,1188174405439.12
2022-03-11 20:45:00,187588697532.52,19675126200.08,1167501575528.32
2022-03-11 21:00:00,158199383202.28,17840132839.72,983356600903.67
2022-03-11 21:15:00,184134472426.43,19413263645.54,1130139667937.05
2022-03-11 21:30:00,180357285324.11,19994813271.97,1110704061126.01
2022-03-11 21:45:00,175973634599.46,18548725544.28,1080623013993.13
2022-03-11 22:00:00,145974900340.50,16572569394.46,903639420069.07
2022-03-11 22:15:00,158911866452.97,17956627930.14,1001484612890.14
2022-03-11 22:30:00,148785766542.93,17351033904.34,963149152953.36
2022-03-11 22:45:00,138175898080.85,16466197375.11,931891462672.67
2022-03-11 23:00:00,125272369965.59,15277264791.24,855916898388.33
2022-03-11 23:15:00,118020420544.81,15085710032.42,850391286367.08
2022-03-11 23:30:00,107148490821.21,15199511732.12,805685529924.58
2022-03-11 23:45:00,96615693019.10,15030085750.80,760988189470.46
2022-03-12 00:00:00,90111432128.71,14320109110.14,699246356642.79
2022-03-12 00:15:00,79395248304.84,13462460747.31,651097742528.96
2022-03-12 00:30:00,70567784097.86,13351478860.46,605172732375.08
2022-03-12 00:45:00,62606684924.19,12953767987.98,554376569866.67
2022-03-12 01:00:00,55558574612.75,12543536797.61,506494193550.50
2022-03-12 01:15:00,49626094762.70,11233412847.13,462977116643.27
2022-03-12 01:30:00,44934030957.71,10952150058.99,426318076810.83
2022-03-12 01:45:00,40727473658.71,10227402510.75,392885291252.34
2022-03-12 02:00:00,37160966485.71,9820821500.13,364282942799.35
2022-03-12 02:15:00,33958973551.61,9666394085.71,336680776145.55
2022-03-12 02:30:00,31029538598.76,10603342254.37,312710804722.83
2022-03-12 02:45:00,29500157658.91,9569690112.04,292394326920.57
2022-03-12 03:00:00,28095274491.25,9499779700.43,270935507714.22
2022-03-12 03:15:00,26393622173.39,9555763060.65,253271187148.49
2022-03-12 03:30:00,25249403390.62,10168504767.54,237027501208.54
2022-03-12 03:45:00,24422057645.91,10574199010.99,225300602770.27
2022-03-12 04:00:00,24385820138.55,9317201028.68,213281774490.21
2022-03-12 04:15:00,24339625724.31,9332059629.29,205197929545.64
2022-03-12 04:30:00,25366146646.95,9428576992.54,198009760575.98
2022-03-12 04:45:00,27254049232.49,9748973480.36,195506288713.91
2022-03-12 05:00:00,30365434793.19,8580095951.30,196481859242.14
2022-03-12 05:15:00,32968248064.94,7538340068.67,198906848057.98
2022-03-12 05:30:00,37325814976.47,7376069130.98,207287031163.95
2022-03-12 05:45:00,42301625291.27,8116278092.38,218907613711.71
2022-03-12 06:00:00,48932448407.49,8358755954.11,234841830637.69
2022-03-12 06:15:00,55855083043.70,8654744822.86,256882109608.62
2022-03-12 06:30:00,63549282338.78,9479014340.79,292692819139.62
2022-03-12 06:45:00,69656652873.98,9842061460.89,339976770992.79
2022-03-12 07:00:00,75624465473.06,10231108512.85,392812722715.34
2022-03-12 07:15:00,78721880960.96,9971661913.72,443344423700.45
2022-03-12 07:30:00,82398678524.26,10050488658.22,495594563593.00
2022-03-12 07:45:00,85200235667.01,10632851817.10,549957409555.26
2022-03-12 08:00:00,89321138864.83,12082088878.97,607862720148.69
2022-03-12 08:15:00,90951204157.13,12075693681.42,659598372070.56
2022-03-12 08:30:00,93673947260.74,12613748042.90,714932261191.47
2022-03-12 08:45:00,95460239787.44,13432680726.60,763176404025.10
2022-03-12 09:00:00,98916173117.95,14634290328.28,815260353133.83
2022-03-12 09:15:00,100469909270.23,13707017613.33,856427932665.99
2022-03-12 09:30:00,101882562435.94,13535052563.73,887741346726.19
2022-03-12 09:45:00,102107356843.00,13542769172.40,907346361524.88
2022-03-12 10:00:00,104227698364.80,14918768028.76,930650689544.20
2022-03-12 10:15:00,104564096604.02,15138075225.19,943304891507.84
2022-03-12 10:30:00,105879961284.74,14861237777.86,955189847215.32
2022-03-12 10:45:00,106593238495.18,15122611892.49,962128551274.93
2022-03-12 11:00:00,108249952804.60,15446946120.61,970159080892.01
2022-03-12 11:15:00,108182839654.44,16126477411.13,972260861429.56
2022-03-12 11:30:00,109360431049.88,15252037778.69,976560863814.17
2022-03-12 11:45:00,114699651609.23,15226995240.13,986718776593.92
2022-03-12 12:00:00,132409649208.93,14650005111.96,994094111958.78
2022-03-12 12:15:00,132940760667.76,15300996282.74,1001465710084.96
2022-03-12 12:30:00,133903693161.67,14962173676.96,1011986775509.72
2022-03-12 12:45:00,134346946336.29,14395935426.03,1013803398697.59
2022-03-12 13:00:00,133368353361.64,14874532725.15,1015343658858.34
2022-03-12 13:15:00,132301840397.23,15895175667.69,1009002882172.46
2022-03-12 13:30:00,131845578420.82,15848921216.00,1011280033309.36
2022-03-12 13:45:00,131870864729.35,15600690076.23,1002288727382.48
2022-03-12 14:00:00,133256169387.40,16290635428.80,993421460098.72
2022-03-12 14:15:00,134135661784.84,16147507123.24,995425694004.84
2022-03-12 14:30:00,134036116522.64,16949871817.20,993644373377.41
2022-03-12 14:45:00,134253499090.36,16475457290.39,989407380895.18
2022-03-12 15:00:00,136479638123.01,17348184993.61,991854912386.83
2022-03-12 15:15:00,135978672594.03,16435886454.50,1004603108544.58
2022-03-12 15:30:00,136917198038.40,15187904248.04,996919844773.37
2022-03-12 15:45:00,137944821553.90,14920164550.45,994699180676.22
2022-03-12 16:00:00,137695974249.24,15740592864.72,987051186322.51
2022-03-12 16:15:00,137347526172.30,16703005725.81,989851885464.48
2022-03-12 16:30:00,136506770555.15,17239204463.28,980141484019.38
2022-03-12 16:45:00,135215508933.17,17611632472.10,969491328610.69
2022-03-12 17:00:00,132769005266.11,17684151515.16,946330414994.20
2022-03-12 17:15:00,132688300201.61,19358820186.03,932726205756.60
2022-03-12 17:30:00,132430036678.99,16232573439.86,925714083581.51
2022-03-12 17:45:00,133251402507.64,16234604919.21,922637071377.60
2022-03-12 18:00:00,137324694553.89,17363804559.41,938440796082.80
2022-03-12 18:15:00,140465182490.38,18691831512.33,951787958266.85
2022-03-12 18:30:00,145026816012.49,17069836679.64,986720957000.48
2022-03-12 18:45:00,154231470808.30,17924214103.28,1030678875283.37
2022-03-12 19:00:00,162824141927.07,18251198160.20,1067911411301.84
2022-03-12 19:15:00,170315763247.31,18871330119.48,1091019455043.52
2022-03-12 19:30:00,174785648325.71,19523511186.98,1100392369256.75
2022-03-12 19:45:00,180435569485.10,18256108383.67,1118068232380.24
2022-03-12 20:00:00,180275174264.38,17892172526.09,1098333824938.64
2022-03-12 20:15:00,195265685620.84,19164115647.47,1154879715849.98
2022-03-12 20:30:00,194004909400.44,20058387123.77,1129435719482.00
2022-03-12 20:45:00,194700607131.51,19702351674.24,1109384560370.88
2022-03-12 21:00:00,170404311216.38,18058705560.40,956094941697.41
2022-03-12 21:15:00,195086655607.60,19529514867.67,1078706424124.38
2022-03-12 21:30:00,191737836019.99,19177095104.82,1071445864635.81
2022-03-12 21:45:00,187078859712.23,19957070081.94,1058250101715.06
2022-03-12 22:00:00,142310289297.24,15456907933.40,848019550333.27
2022-03-12 22:15:00,168624460307.38,17359633089.69,984441398245.08
2022-03-12 22:30:00,159360216938.12,17298434611.84,959761506910.55
2022-03-12 22:45:00,148839008544.78,16625481807.18,930800603621.27
2022-03-12 23:00:00,135889774436.36,15667209582.63,856651781255.37
2022-03-12 23:15:00,128337649480.45,15000601876.02,848102083033.76
2022-03-12 23:30:00,118218607724.02,15062149307.11,809258353723.90
2022-03-12 23:45:00,107546848349.90,14458950249.16,766901590518.88
2022-03-13 00:00:00,100578604890.16,13814827288.95,711809322135.75
2022-03-13 00:15:00,90341854915.72,13403627089.59,654209184002.01
2022-03-13 00:30:00,79494156325.37,13102322274.17,585017358329.84
2022-03-13 00:45:00,70747830611.72,11954685415.88,533727504468.23
2022-03-13 01:00:00,63253672983.00,11538324892.63,492548586912.69
2022-03-13 01:15:00,60682078650.46,12202825867.25,468529815187.28
2022-03-13 01:30:00,53251414216.60,11893226041.66,432971794790.66
2022-03-13 01:45:00,46851458716.15,10903435647.67,394460292869.16
2022-03-13 02:00:00,43546237254.12,11296232498.92,366797908054.81
2022-03-13 02:15:00,42009168449.40,11909445104.75,346398169477.87
2022-03-13 02:30:00,38743086236.56,10664744145.11,338011028511.88
2022-03-13 02:45:00,34975116896.84,10665319697.72,311753194596.43
2022-03-13 03:00:00,32621666733.28,10260401962.79,289382581376.23
2022-03-13 03:15:00,30435070000.31,8968511713.06,267915020442.41
2022-03-13 03:30:00,29154368114.57,8192286463.39,249421585308.83
2022-03-13 03:45:00,28068278560.40,8772130588.42,233774610878.73
2022-03-13 04:00:00,27181671968.38,8512452362.52,221754063718.85
2022-03-13 04:15:00,26849285113.38,8300977341.37,211492059864.06
2022-03-13 04:30:00,27891263911.54,8463300404.49,206066167245.78
2022-03-13 04:45:00,29174369670.03,7773846422.47,200082602748.44
2022-03-13 05:00:00,32123247692.42,7907825052.98,199464574324.09
2022-03-13 05:15:00,34940647458.04,7530354308.60,200986049230.43
2022-03-13 05:30:00,39046785756.74,7831610634.57,207756020972.48
2022-03-13 05:45:00,43351791172.76,7030659935.56,214210195593.88
2022-03-13 06:00:00,50569081216.74,7345334864.91,225963276715.14
2022-03-13 06:15:00,57197656512.70,7685929349.85,246092456035.03
2022-03-13 06:30:00,65609325787.10,8068910632.38,278131767615.26
2022-03-13 06:45:00,72787098618.15,8698566737.25,319870242447.39
2022-03-13 07:00:00,79745228041.44,8614892775.81,371153911858.62
2022-03-13 07:15:00,84291378702.35,8902772772.22,424127293635.15
2022-03-13 07:30:00,88426360192.56,9936253838.29,479088675394.65
2022-03-13 07:45:00,92810358751.13,9968817024.48,532144126807.71
2022-03-13 08:00:00,97915573087.27,11307340077.70,588109139621.10
2022-03-13 08:15:00,100244886984.79,11310589778.16,642461364012.43
2022-03-13 08:30:00,103847122553.80,11944603424.07,699928898403.00
2022-03-13 08:45:00,106557169648.32,11704148628.09,747695712708.86
2022-03-13 09:00:00,106565840941.08,12023381634.99,768666958295.48
2022-03-13 09:15:00,112182663209.48,13158026027.55,848924169918.55
2022-03-13 09:30:00,113877709768.96,13103793915.23,882886975716.38
2022-03-13 09:45:00,115281657443.72,13983194711.15,902767117449.50
2022-03-13 10:00:00,85270933432.02,11207479121.56,657339357713.63
2022-03-13 10:15:00,118408845794.68,14440697385.58,941314927006.20
2022-03-13 10:30:00,118965078191.91,13009276643.48,953513290407.98
2022-03-13 10:45:00,119715521175.39,14196407432.17,964508055646.74
2022-03-13 11:00:00,84811536583.72,10515199159.62,666600761509.69
2022-03-13 11:15:00,121355655822.70,14629262264.12,973034785454.90
2022-03-13 11:30:00,121698642354.13,15514290306.80,980904085333.59
2022-03-13 11:45:00,121463335663.08,15870797552.38,982920092825.76
2022-03-13 12:00:00,85620085429.29,11199449022.80,679337829650.97
2022-03-13 12:15:00,121638240853.10,17005833846.91,995259523217.97
2022-03-13 12:30:00,124041461722.53,16289067474.45,1002957393827.26
2022-03-13 12:45:00,124414815359.83,15972204851.43,1007827931018.97
2022-03-13 13:00:00,115018749770.42,14110874791.42,913433169340.01
2022-03-13 13:15:00,123671340715.31,15841053207.81,1002930859411.60
2022-03-13 13:30:00,124992597632.57,15456583023.27,1006098089127.67
2022-03-13 13:45:00,125666303481.72,16487898230.33,1003149350663.86
2022-03-13 14:00:00,125779402949.50,17280105439.56,998545520754.10
2022-03-13 14:15:00,126733786297.32,16437508989.30,1005031469422.56
2022-03-13 14:30:00,127917545205.13,16082611677.58,995792602648.28
2022-03-13 14:45:00,129102071553.61,16941332526.96,988227268510.60
2022-03-13 15:00:00,129472105936.14,17272948331.61,983110424109.88
2022-03-13 15:15:00,129745632982.60,16594977019.08,988619736584.99
2022-03-13 15:30:00,130449581033.50,17724842371.18,982404554109.35
2022-03-13 15:45:00,129991700793.32,16524509780.15,982589381154.12
2022-03-13 16:00:00,129857952885.94,17054382023.26,970731468458.44
2022-03-13 16:15:00,128317644297.85,16761808677.82,972278184894.52
2022-03-13 16:30:00,126446472749.87,17502832482.23,965935914484.19
2022-03-13 16:45:00,124970123830.86,17011100378.76,955596245427.80
2022-03-13 17:00:00,123022257301.43,15638138681.13,945747255186.45
2022-03-13 17:15:00,121674492286.26,15907197229.77,944212689228.15
2022-03-13 17:30:00,121908011220.89,15592414710.24,944594598022.60
2022-03-13 17:45:00,123133740753.35,16310429158.84,947328447653.10
2022-03-13 18:00:00,125847613046.65,18137209772.20,953491974014.92
2022-03-13 18:15:00,128863873115.03,16608692369.82,969650674342.51
2022-03-13 18:30:00,133361698928.13,16883598899.43,993648936617.06
2022-03-13 18:45:00,140874633815.68,17588195477.35,1038101041149.61
2022-03-13 19:00:00,148750712158.44,18008357839.04,1066305656516.39
2022-03-13 19:15:00,155825203901.63,17932967260.31,1112340011813.95
2022-03-13 19:30:00,165091706139.04,18449017928.37,1140955625878.96
2022-03-13 19:45:00,171336365487.92,18263968064.95,1159495567998.83
2022-03-13 20:00:00,166855680055.68,18673812038.44,1124809905122.87
2022-03-13 20:15:00,182723460702.09,20041390309.52,1181787386631.15
2022-03-13 20:30:00,185745499492.05,20415092290.82,1154570055017.26
2022-03-13 20:45:00,188099637301.97,20791305477.44,1131987372126.96
2022-03-13 21:00:00,155211812760.66,18307257227.80,921867122331.04
2022-03-13 21:15:00,185704633928.78,20337145508.45,1061149893299.33
2022-03-13 21:30:00,179929889269.91,20302261636.12,1037993184966.20
2022-03-13 21:45:00,176395071521.69,19960963579.35,1017785026111.20
2022-03-13 22:00:00,135796922303.75,16702655691.14,828333038968.72
2022-03-13 22:15:00,155589602986.76,18585650873.79,939595446436.60
2022-03-13 22:30:00,147427929759.75,18620331201.38,908123591133.51
2022-03-13 22:45:00,137926496435.32,17342244778.60,882014855165.30
2022-03-13 23:00:00,119999893656.00,16035605115.60,801679992147.51
2022-03-13 23:15:00,117688128389.01,16662032183.91,808962916564.05
2022-03-13 23:30:00,105531677947.90,15341147607.31,756717589321.39
2022-03-13 23:45:00,94856994566.31,14605691275.05,702740090469.00
2022-03-14 00:00:00,87173920671.74,13954781478.24,639771737066.89
2022-03-14 00:15:00,78398086164.09,12659252578.36,601235619698.65
2022-03-14 00:30:00,68410852570.53,12837704923.12,553125697131.68
2022-03-14 00:45:00,60462068093.05,12557016082.14,506726008484.14
2022-03-14 01:00:00,53612012137.01,11315813797.24,467330088323.86
2022-03-14 01:15:00,48121594673.24,10816710349.47,434523723842.33
2022-03-14 01:30:00,44095551455.06,10004540131.76,407530607173.21
2022-03-14 01:45:00,39593056265.69,9765663285.50,380924718171.52
2022-03-14 02:00:00,35786791329.63,10563197871.57,352271592675.72
2022-03-14 02:15:00,32706831128.61,11469451929.91,326383618207.12
2022-03-14 02:30:00,29868112375.37,11331498028.09,303366985895.85
2022-03-14 02:45:00,27610801352.47,9974913310.97,281727611539.96
2022-03-14 03:00:00,26076496659.62,10396604973.24,262106501056.20
2022-03-14 03:15:00,24555024635.64,9977840276.90,245935589294.69
2022-03-14 03:30:00,23536048823.76,8718154271.67,229542297009.55
2022-03-14 03:45:00,22966056044.96,9175413621.16,217756734486.74
2022-03-14 04:00:00,22688282901.74,9079696525.44,207317130854.34
2022-03-14 04:15:00,22819822845.30,9029758664.69,199002456750.95
2022-03-14 04:30:00,23722243576.22,8890470657.25,193181284001.99
2022-03-14 04:45:00,25338269028.36,8874770661.19,187180892637.52
2022-03-14 05:00:00,28651202868.62,8271841554.50,187766009864.45
2022-03-14 05:15:00,31393866796.56,8553575007.17,192074079991.45
2022-03-14 05:30:00,36337002260.27,8469304817.15,200206458881.21
2022-03-14 05:45:00,40984557835.08,7940607734.30,212228200279.44
2022-03-14 06:00:00,49132179256.80,8418844856.09,230327800740.60
2022-03-14 06:15:00,55554906238.98,8867393506.89,257884850474.97
2022-03-14 06:30:00,64249891051.66,9050154972.89,299067598269.56
2022-03-14 06:45:00,69391019273.78,9858968962.68,350433801272.33
2022-03-14 07:00:00,74899051020.02,10282753147.18,394130709491.72
2022-03-14 07:15:00,77120257778.24,9746938424.20,438410680200.52
2022-03-14 07:30:00,79933553783.54,10424318629.74,476512545069.41
2022-03-14 07:45:00,81021134612.43,10776348972.20,517720179517.55
2022-03-14 08:00:00,84779685818.92,11611778282.91,561166528025.90
2022-03-14 08:15:00,85781898596.61,12284365427.33,601951381959.08
2022-03-14 08:30:00,87627361323.40,13117806036.25,644253597658.97
2022-03-14 08:45:00,89316754173.88,13910845073.55,688587745566.28
2022-03-14 09:00:00,91333905669.16,15010434787.81,727631859748.87
2022-03-14 09:15:00,92262034014.67,14891783413.22,764131734956.73
2022-03-14 09:30:00,93206906298.83,15872345944.09,791566287388.08
2022-03-14 09:45:00,94670863246.76,15129706503.11,817517676960.66
2022-03-14 10:00:00,96035018961.89,16067144135.18,831857835116.26
2022-03-14 10:15:00,96468636850.06,15538004054.36,852618516501.54
2022-03-14 10:30:00,97777801784.48,15682551593.86,868192751980.35
2022-03-14 10:45:00,98674532203.01,15975363357.04,884235731286.71
2022-03-14 11:00:00,99563577215.35,15777955639.00,893357978710.12
2022-03-14 11:15:00,99286851841.19,16720213767.65,896702693135.87
2022-03-14 11:30:00,100597383535.91,15778190354.98,904189624683.10
2022-03-14 11:45:00,102344357712.44,14640152638.36,911205843796.52
2022-03-14 12:00:00,103885664424.29,15338438876.82,916866446657.70
2022-03-14 12:15:00,105053421835.08,15371670689.40,926661749272.59
2022-03-14 12:30:00,108063332789.23,14586692711.63,929364009735.59
2022-03-14 12:45:00,108466921138.99,15126492695.09,927015068706.97
2022-03-14 13:00:00,106649289827.90,16122908353.59,920343903471.93
2022-03-14 13:15:00,105601252918.62,15549293715.58,928992337811.11
2022-03-14 13:30:00,105098718899.91,14614691097.22,927400223693.56
2022-03-14 13:45:00,105725173533.71,16048331182.55,925212155473.21
2022-03-14 14:00:00,107375598712.07,15635177664.25,924885668258.08
2022-03-14 14:15:00,108012312395.20,16676772438.70,927574769777.86
2022-03-14 14:30:00,107961792057.64,16234963002.36,926388469005.38
2022-03-14 14:45:00,108623236403.13,16204459734.01,925319103142.34
2022-03-14 15:00:00,109721435599.50,16360316486.74,925255526697.64
2022-03-14 15:15:00,110306238275.26,17043367187.27,931279494800.67
2022-03-14 15:30:00,111195713898.35,17621835290.31,930683875664.90
2022-03-14 15:45:00,111527509878.69,17131191548.49,937572250478.66
2022-03-14 16:00:00,110185090316.81,17240389002.44,925417057056.16
2022-03-14 16:15:00,109935207942.91,16704993704.63,929004432752.94
2022-03-14 16:30:00,109976261567.99,15885617846.14,925163048079.53
2022-03-14 16:45:00,109699167773.51,16826853362.32,919483199082.59
2022-03-14 17:00:00,108476494278.61,16329274108.83,905034169920.60
2022-03-14 17:15:00,108998733479.23,15995639057.86,904062442392.32
2022-03-14 17:30:00,110210639702.95,15911622072.70,905085240279.66
2022-03-14 17:45:00,111787662894.46,16189215891.86,910273472580.81
2022-03-14 18:00:00,115643316947.00,16582014797.63,928048257060.76
2022-03-14 18:15:00,119785217930.57,16573564394.89,951758397836.60
2022-03-14 18:30:00,126565675300.18,17207737825.17,984102634330.99
2022-03-14 18:45:00,133141637905.68,18392169759.90,1029946213411.85
2022-03-14 19:00:00,140421161450.44,18396437283.20,1059324292812.43
2022-03-14 19:15:00,148354547359.98,19938184472.59,1096794903717.04
2022-03-14 19:30:00,155549305706.73,19705270507.13,1120344667677.99
2022-03-14 19:45:00,162575542338.28,20460422385.47,1136515943456.28
2022-03-14 20:00:00,152830275211.44,19163203148.33,1061959111800.16
2022-03-14 20:15:00,177651620785.21,20674818347.88,1191145646106.84
2022-03-14 20:30:00,177910029206.80,21241885398.86,1162861999658.88
2022-03-14 20:45:00,177137194857.99,20763515049.73,1132912675944.24
2022-03-14 21:00:00,147167013208.85,18040658871.96,930844498426.88
2022-03-14 21:15:00,177110155309.90,20933870458.76,1076564068826.96
2022-03-14 21:30:00,172900666980.36,21872267884.31,1051262765842.68
2022-03-14 21:45:00,168110527270.68,20540556126.33,1024728627698.48
2022-03-14 22:00:00,126110474595.97,16789330536.57,781995151727.28
2022-03-14 22:15:00,150872034737.47,20006910161.11,945036060979.22
2022-03-14 22:30:00,141777623160.81,18780171818.90,911658629886.57
2022-03-14 22:45:00,134059139885.08,18272140893.79,878485272712.38
2022-03-14 23:00:00,118460809848.76,16479023157.89,808034779469.42
2022-03-14 23:15:00,109247018668.01,17003577562.42,792337058336.50
2022-03-14 23:30:00,98161739828.20,16633275335.19,742318548455.32
2022-03-14 23:45:00,88369244292.38,15376948440.19,688539138156.58
2022-03-15 00:00:00,80216582859.38,15042946528.48,628843696365.28
2022-03-15 00:15:00,70747704694.42,14471435884.94,578828248744.54
2022-03-15 00:30:00,64376487480.24,13362256046.54,532813019710.71
2022-03-15 00:45:00,57782571927.31,12748979218.16,488764382312.67
2022-03-15 01:00:00,51506753332.77,12396341160.37,448663248764.40
2022-03-15 01:15:00,46014522324.63,11408467178.29,418592588376.29
2022-03-15 01:30:00,41504299904.59,10908569571.24,387930583769.68
2022-03-15 01:45:00,37906752268.35,10695046588.88,360200664927.65
2022-03-15 02:00:00,34887312117.63,12211957821.80,334617402860.03
2022-03-15 02:15:00,32096599752.48,11770310362.17,309694302055.86
2022-03-15 02:30:00,29423983350.03,11523270797.42,289163974123.86
2022-03-15 02:45:00,26966812884.86,11770303208.57,269158583853.15
2022-03-15 03:00:00,25619008761.48,10507766735.72,250450815324.52
2022-03-15 03:15:00,24266865783.44,10251209118.45,232767920506.12
2022-03-15 03:30:00,23038128886.44,10755917761.48,217314744632.46
2022-03-15 03:45:00,22817076990.33,10295827152.53,206153383600.60
2022-03-15 04:00:00,22504366897.08,10190481698.94,195663668648.81
2022-03-15 04:15:00,22446946723.49,9447526601.36,186894745473.05
2022-03-15 04:30:00,23380670957.97,10013048938.53,180770035473.64
2022-03-15 04:45:00,25426743867.37,10680222848.20,179205224473.95
2022-03-15 05:00:00,28762950495.88,9367880088.10,183556970992.77
2022-03-15 05:15:00,31385239049.71,8815406327.41,188473011482.62
2022-03-15 05:30:00,35763308211.65,9201312506.54,196838916455.76
2022-03-15 05:45:00,40517892650.56,9001700661.32,209998040555.36
2022-03-15 06:00:00,48457618804.27,10085997369.81,225894783542.57
2022-03-15 06:15:00,54466840818.44,10698127229.58,254622440708.88
2022-03-15 06:30:00,62441025229.58,10947917567.56,294798165089.12
2022-03-15 06:45:00,68043707378.81,11315180648.01,343069194100.88
2022-03-15 07:00:00,73776925001.20,12120071455.02,390163084024.06
2022-03-15 07:15:00,74917836727.67,11846360938.90,434066195983.93
2022-03-15 07:30:00,77502745160.13,11520816474.01,473345484928.44
2022-03-15 07:45:00,78902875845.68,11757901359.37,512681276705.39
2022-03-15 08:00:00,81619827850.67,12528204761.41,552720841897.18
2022-03-15 08:15:00,83238807947.24,13661346542.05,594373509529.97
2022-03-15 08:30:00,85600285902.52,15339051614.15,633271747967.50
2022-03-15 08:45:00,86781540968.83,14755815929.60,677063889860.04
2022-03-15 09:00:00,89064236342.30,14822679033.26,711131131234.52
2022-03-15 09:15:00,89652888424.79,15011277975.07,745063571798.88
2022-03-15 09:30:00,91693461238.43,14582807528.60,772212774627.35
2022-03-15 09:45:00,92668475367.26,15589010312.39,800747763263.02
2022-03-15 10:00:00,94356589852.51,16386414936.95,814535317383.52
2022-03-15 10:15:00,94832013549.05,16340251662.45,831424442415.82
2022-03-15 10:30:00,97088482406.04,17259182165.36,848803382271.53
2022-03-15 10:45:00,98390715574.42,16214363083.92,863691329161.04
2022-03-15 11:00:00,99969389391.16,16682028601.88,869034293413.85
2022-03-15 11:15:00,100538646711.72,17500630079.12,872226647009.37
2022-03-15 11:30:00,102064806770.69,17460419741.97,877499251979.51
2022-03-15 11:45:00,103206421867.98,17030220700.69,882996251714.70
2022-03-15 12:00:00,104263770380.24,16188287172.83,887553243643.32
2022-03-15 12:15:00,106235895536.70,15872777573.10,896001200444.57
2022-03-15 12:30:00,108456857460.42,16427067827.32,900799630696.41
2022-03-15 12:45:00,109289679601.41,16347777904.49,901594365876.76
2022-03-15 13:00:00,106999010277.15,16915723743.35,894889908063.95
2022-03-15 13:15:00,105042459343.00,17914646295.80,894964030890.18
2022-03-15 13:30:00,106117584208.49,18720219348.74,899378970409.71
2022-03-15 13:45:00,106821004424.90,18850346070.99,902200175337.02
2022-03-15 14:00:00,108046370617.78,18967854390.20,900558819870.66
2022-03-15 14:15:00,107577153565.50,18594218733.15,903274435862.91
2022-03-15 14:30:00,106694018153.89,18829536530.12,902561171087.72
2022-03-15 14:45:00,106459816092.56,19207940737.04,906475056154.94
2022-03-15 15:00:00,106327758801.50,18105005162.67,908446651674.72
2022-03-15 15:15:00,108268142692.10,17671945220.92,900016587144.29
2022-03-15 15:30:00,109631563700.39,17496075196.95,908963600579.77
2022-03-15 15:45:00,110453262151.78,18291776095.26,916259096035.67
2022-03-15 16:00:00,110709239581.48,17764018753.93,917917759990.30
2022-03-15 16:15:00,110566690061.21,17986862581.65,922074892156.53
2022-03-15 16:30:00,110257000427.53,17383396224.92,916733028302.95
2022-03-15 16:45:00,110042017111.17,17902880384.34,911371772506.81
2022-03-15 17:00:00,108872589199.04,17736760630.80,896393933357.55
2022-03-15 17:15:00,109083983805.09,17137656459.64,897046417691.89
2022-03-15 17:30:00,109875316394.45,18605793257.55,896312177307.74
2022-03-15 17:45:00,111927844545.05,17921551918.43,900042958827.08
2022-03-15 18:00:00,114349569884.92,17932636013.79,913291373515.33
2022-03-15 18:15:00,118260906051.40,17490571649.96,934760000795.46
2022-03-15 18:30:00,124776160792.91,18763731607.63,967927990371.83
2022-03-15 18:45:00,131959625835.64,18579607266.86,1006169664947.84
2022-03-15 19:00:00,139151249097.93,19161006041.26,1035682372201.39
2022-03-15 19:15:00,148455908857.25,19316492303.05,1074382839865.57
2022-03-15 19:30:00,156686140741.91,19567499734.25,1104578708601.89
2022-03-15 19:45:00,164172672767.04,19135090386.20,1123403078244.17
2022-03-15 20:00:00,169658871312.36,18758951349.86,1123870802364.12
2022-03-15 20:15:00,181525079199.08,20078128937.12,1172563053429.76
2022-03-15 20:30:00,183336173456.65,20614709897.38,1152644055158.78
2022-03-15 20:45:00,182154017025.63,20176337881.65,1123679252453.46
2022-03-15 21:00:00,149946625092.77,18076268303.53,912670517213.11
2022-03-15 21:15:00,179552200006.92,20100345232.36,1064242617764.41
2022-03-15 21:30:00,177553181205.60,21256875335.20,1037761265798.38
2022-03-15 21:45:00,172389709949.29,20902503364.45,1005819445970.93
2022-03-15 22:00:00,133144583512.45,16710014581.66,784119330521.71
2022-03-15 22:15:00,155377109431.07,20583065287.61,924349620464.77
2022-03-15 22:30:00,146638087081.63,20126047582.10,892847243571.28
2022-03-15 22:45:00,138559926717.56,18726472712.60,872146398352.45
2022-03-15 23:00:00,118815994270.96,16795143248.14,777460055196.64
2022-03-15 23:15:00,114395978023.15,17214352470.12,795456494340.08
2022-03-15 23:30:00,103100427197.11,16310499621.78,749152749993.81
2022-03-15 23:45:00,91915978736.24,15054068290.10,694572141411.58
2022-03-16 00:00:00,84784038862.00,14887021155.50,633420152831.00
2022-03-16 00:15:00,74070267990.34,14538463621.58,586032429883.56
2022-03-16 00:30:00,62739766135.65,13453971274.71,543374727336.23
2022-03-16 00:45:00,54213601256.20,13599223184.25,502481132812.36
2022-03-16 01:00:00,50040654539.58,12929903024.26,457695792027.38
2022-03-16 01:15:00,46268325632.13,11663516250.03,406911094836.75
2022-03-16 01:30:00,42447710186.36,11609253737.73,378508732957.00
2022-03-16 01:45:00,38661262237.59,10427826081.64,349936111770.75
2022-03-16 02:00:00,35438257092.50,11964250228.17,327088787768.47
2022-03-16 02:15:00,32657351866.89,11168125367.21,304310456045.15
2022-03-16 02:30:00,30138830437.56,10703647424.49,284727886290.07
2022-03-16 02:45:00,28107250805.22,11599876653.48,263792607715.18
2022-03-16 03:00:00,26055352323.23,11132987154.28,237548735135.09
2022-03-16 03:15:00,24152598598.41,10534995817.03,219706744921.56
2022-03-16 03:30:00,23217837711.00,9867504003.76,205795523085.42
2022-03-16 03:45:00,24698930181.88,10032255122.92,199851286086.89
2022-03-16 04:00:00,23367307914.87,9700546554.94,189522188716.19
2022-03-16 04:15:00,22475609767.78,9203668799.92,177365879734.56
2022-03-16 04:30:00,23350406019.12,9298415896.77,171645064951.35
2022-03-16 04:45:00,26187094234.44,9220919784.75,171455209285.42
2022-03-16 05:00:00,29961665715.56,8162766923.97,181320846840.73
2022-03-16 05:15:00,31911052051.14,7985155129.77,186059313435.29
2022-03-16 05:30:00,36222471653.34,8000891375.50,195478106037.71
2022-03-16 05:45:00,40717368821.81,7949410952.97,206575490627.32
2022-03-16 06:00:00,48111702851.92,8543171129.25,221878911188.85
2022-03-16 06:15:00,54598660561.66,8377471021.18,248590930149.73
2022-03-16 06:30:00,62745955349.47,8955015012.52,289141562666.86
2022-03-16 06:45:00,67955602083.53,9131483908.21,329474313996.61
2022-03-16 07:00:00,73631628572.36,9961773864.34,375597590884.38
2022-03-16 07:15:00,75635393716.86,9853629718.76,425514311199.95
2022-03-16 07:30:00,78130368673.40,10263430492.49,462174013134.45
2022-03-16 07:45:00,79360930173.16,10897981975.08,497251061195.64
2022-03-16 08:00:00,81881517142.39,12253826808.15,533565550200.72
2022-03-16 08:15:00,83037403105.95,12675180294.19,572067685690.20
2022-03-16 08:30:00,87128270232.56,12600049069.81,611301760732.86
2022-03-16 08:45:00,88822724037.85,13173373271.61,656477506065.60
2022-03-16 09:00:00,91894303203.21,14659178297.13,691085744082.37
2022-03-16 09:15:00,92504377347.10,13930252928.65,727418138089.43
2022-03-16 09:30:00,94948941022.08,14114605466.83,751605080403.40
2022-03-16 09:45:00,96146193807.87,14240607943.51,775570493103.80
2022-03-16 10:00:00,97616413461.96,15974907126.45,789218202702.36
2022-03-16 10:15:00,98160007457.68,15676514757.52,802884802336.67
2022-03-16 10:30:00,100277312979.57,16332291450.36,820466189322.84
2022-03-16 10:45:00,101147236260.57,15388056201.99,834329459320.12
2022-03-16 11:00:00,103132659589.37,16468679246.10,842434138092.65
2022-03-16 11:15:00,103783283099.35,15807171523.05,848858213656.58
2022-03-16 11:30:00,105129987241.40,16107044363.60,854990328659.09
2022-03-16 11:45:00,105816551670.70,15701841854.84,862000276625.28
2022-03-16 12:00:00,107492296951.76,14739004653.07,866450379534.97
2022-03-16 12:15:00,72558309108.87,9684075849.79,581695059380.11
